Workbook

Sheet Survey A
A1: Q1_1 | B1: Q1_2 | C1: Q1_3 | D1: Q2 | E1: Q3 | F1: Q1 | G1: Q2 | H1: Q3 | I1: Q4 | J1: Q5 | K1: Q6 | L1: Q7 | M1: Q8 | N1: Q9 | O1: Q10 | P1: Q11 | Q1: Q12 | R1: Q13 | S1: Q14 | T1: Q15 | U1: Q16 | V1: Q17 | W1: Q18 | X1: Q19 | Y1: Q20 | Z1: Q21 | AA1: Q22 | AB1: Q23 | AC1: Q24 | AD1: Q25 | AE1: Q26 | AF1: Q27 | AG1: Q28 | AH1: Q29 | AI1: Q30 | AJ1: Q31 | AK1: Q32 | AL1: Q33 | AM1: Q34 | AN1: Q35 | AO1: Q36 | AP1: Q37 | AQ1: Q38
A2: Please answer the following to help us assess your musical experience. - I engaged in regular, daily practice of a musical instrument (including voice) for 0 / 1 / 2 / 3 / 4-5 / 6-9 / 10 or more years | B2: Please answer the following to help us assess your musical experience. - I have had formal training in music theory for 0 / 1 / 2 / 3 / 4-5 / 6-9 / 10 or more years | C2: Please answer the following to help us assess your musical experience. - I have had 0 / 1 / 2 / 3 / 4-5 / 6-9 / 10 or more years of formal training on a musical instrument (including voice) during my lifetime | D2: What is your favourite music genre? You can select multiple. | E2: Are you a music industry professional? You can select multiple. | F2: Smoothness and Tonal Coherence On a scale of 1 (poor) – 5 (excellent), how smooth and tonally coherent did the transition between keys sound? Explanation: A "smooth" modulation means the transition does not feel abrupt or disjointed but flows naturally between keys. "Tonal coherence" refers to the sense that the modulation maintains a consistent harmonic and melodic connection between the original and target keys. | G2: Authenticity to Professional Composition On a scale of 1 (poor) – 5 (excellent), how closely does the modulation resemble how a professional composer would approach modulation in a composed piece? Explanation: This refers to whether the modulation feels artistically intentional, stylistically appropriate, and consistent with compositional techniques used in pop music. | H2: Comment: Please describe any aspects that contributed to the smoothness or roughness of the modulation, and if it feels unnatural or artificial, explain what factors contribute to this impression. | I2: Smoothness and Tonal Coherence On a scale of 1 (poor) – 5 (excellent), how smooth and tonally coherent did the transition between keys sound? Explanation: A "smooth" modulation means the transition does not feel abrupt or disjointed but flows naturally between keys. "Tonal coherence" refers to the sense that the modulation maintains a consistent harmonic and melodic connection between the original and target keys. | J2: Authenticity to Professional Composition On a scale of 1 (poor) – 5 (excellent), how closely does the modulation resemble how a professional composer would approach modulation in a composed piece? Explanation: This refers to whether the modulation feels artistically intentional, stylistically appropriate, and consistent with compositional techniques used in pop music. | K2: Comment: Please describe any aspects that contributed to the smoothness or roughness of the modulation, and if it feels unnatural or artificial, explain what factors contribute to this impression. | L2: Smoothness and Tonal Coherence On a scale of 1 (poor) – 5 (excellent), how smooth and tonally coherent did the transition between keys sound? Explanation: A "smooth" modulation means the transition does not feel abrupt or disjointed but flows naturally between keys. "Tonal coherence" refers to the sense that the modulation maintains a consistent harmonic and melodic connection between the original and target keys. | M2: Authenticity to Professional Composition On a scale of 1 (poor) – 5 (excellent), how closely does the modulation resemble how a professional composer would approach modulation in a composed piece? Explanation: This refers to whether the modulation feels artistically intentional, stylistically appropriate, and consistent with compositional techniques used in pop music. | N2: Comment: Please describe any aspects that contributed to the smoothness or roughness of the modulation, and if it feels unnatural or artificial, explain what factors contribute to this impression. | O2: Smoothness and Tonal Coherence On a scale of 1 (poor) – 5 (excellent), how smooth and tonally coherent did the transition between keys sound? Explanation: A "smooth" modulation means the transition does not feel abrupt or disjointed but flows naturally between keys. "Tonal coherence" refers to the sense that the modulation maintains a consistent harmonic and melodic connection between the original and target keys. | P2: Authenticity to Professional Composition On a scale of 1 (poor) – 5 (excellent), how closely does the modulation resemble how a professional composer would approach modulation in a composed piece? Explanation: This refers to whether the modulation feels artistically intentional, stylistically appropriate, and consistent with compositional techniques used in pop music. | Q2: Comment: Please describe any aspects that contributed to the smoothness or roughness of the modulation, and if it feels unnatural or artificial, explain what factors contribute to this impression. | R2: Smoothness and Tonal Coherence On a scale of 1 (poor) – 5 (excellent), how smooth and tonally coherent did the transition between keys sound? Explanation: A "smooth" modulation means the transition does not feel abrupt or disjointed but flows naturally between keys. "Tonal coherence" refers to the sense that the modulation maintains a consistent harmonic and melodic connection between the original and target keys. | S2: Authenticity to Professional Composition On a scale of 1 (poor) – 5 (excellent), how closely does the modulation resemble how a professional composer would approach modulation in a composed piece? Explanation: This refers to whether the modulation feels artistically intentional, stylistically appropriate, and consistent with compositional techniques used in pop music. | T2: Comment: Please describe any aspects that contributed to the smoothness or roughness of the modulation, and if it feels unnatural or artificial, explain what factors contribute to this impression. | U2: Comparatively, between generated music example 1, 2, 3, 4 and 5, which modulation sounded WORSE? | V2: Smoothness and Tonal Coherence On a scale of 1 (poor) – 5 (excellent), how smooth and tonally coherent did the transition between keys sound? Explanation: A "smooth" modulation means the transition does not feel abrupt or disjointed but flows naturally between keys. "Tonal coherence" refers to the sense that the modulation maintains a consistent harmonic and melodic connection between the original and target keys. | W2: Authenticity to Professional Composition On a scale of 1 (poor) – 5 (excellent), how closely does the modulation resemble how a professional composer would approach modulation in a composed piece? Explanation: This refers to whether the modulation feels artistically intentional, stylistically appropriate, and consistent with compositional techniques used in pop music. | X2: Comment: Please describe any aspects that contributed to the smoothness or roughness of the modulation, and if it feels unnatural or artificial, explain what factors contribute to this impression. | Y2: Smoothness and Tonal Coherence On a scale of 1 (poor) – 5 (excellent), how smooth and tonally coherent did the transition between keys sound? Explanation: A "smooth" modulation means the transition does not feel abrupt or disjointed but flows naturally between keys. "Tonal coherence" refers to the sense that the modulation maintains a consistent harmonic and melodic connection between the original and target keys. | Z2: Authenticity to Professional Composition On a scale of 1 (poor) – 5 (excellent), how closely does the modulation resemble how a professional composer would approach modulation in a composed piece? Explanation: This refers to whether the modulation feels artistically intentional, stylistically appropriate, and consistent with compositional techniques used in pop music. | AA2: Comment: Please describe any aspects that contributed to the smoothness or roughness of the modulation, and if it feels unnatural or artificial, explain what factors contribute to this impression. | AB2: Smoothness and Tonal Coherence On a scale of 1 (poor) – 5 (excellent), how smooth and tonally coherent did the transition between keys sound? Explanation: A "smooth" modulation means the transition does not feel abrupt or disjointed but flows naturally between keys. "Tonal coherence" refers to the sense that the modulation maintains a consistent harmonic and melodic connection between the original and target keys. | AC2: Authenticity to Professional Composition On a scale of 1 (poor) – 5 (excellent), how closely does the modulation resemble how a professional composer would approach modulation in a composed piece? Explanation: This refers to whether the modulation feels artistically intentional, stylistically appropriate, and consistent with compositional techniques used in pop music. | AD2: Comment: Please describe any aspects that contributed to the smoothness or roughness of the modulation, and if it feels unnatural or artificial, explain what factors contribute to this impression. | AE2: Smoothness and Tonal Coherence On a scale of 1 (poor) – 5 (excellent), how smooth and tonally coherent did the transition between keys sound? Explanation: A "smooth" modulation means the transition does not feel abrupt or disjointed but flows naturally between keys. "Tonal coherence" refers to the sense that the modulation maintains a consistent harmonic and melodic connection between the original and target keys. | AF2: Authenticity to Professional Composition On a scale of 1 (poor) – 5 (excellent), how closely does the modulation resemble how a professional composer would approach modulation in a composed piece? Explanation: This refers to whether the modulation feels artistically intentional, stylistically appropriate, and consistent with compositional techniques used in pop music. | AG2: Comment: Please describe any aspects that contributed to the smoothness or roughness of the modulation, and if it feels unnatural or artificial, explain what factors contribute to this impression. | AH2: Smoothness and Tonal Coherence On a scale of 1 (poor) – 5 (excellent), how smooth and tonally coherent did the transition between keys sound? Explanation: A "smooth" modulation means the transition does not feel abrupt or disjointed but flows naturally between keys. "Tonal coherence" refers to the sense that the modulation maintains a consistent harmonic and melodic connection between the original and target keys. | AI2: Authenticity to Professional Composition On a scale of 1 (poor) – 5 (excellent), how closely does the modulation resemble how a professional composer would approach modulation in a composed piece? Explanation: This refers to whether the modulation feels artistically intentional, stylistically appropriate, and consistent with compositional techniques used in pop music. | AJ2: Comment: Please describe any aspects that contributed to the smoothness or roughness of the modulation, and if it feels unnatural or artificial, explain what factors contribute to this impression. | AK2: Smoothness and Tonal Coherence On a scale of 1 (poor) – 5 (excellent), how smooth and tonally coherent did the transition between keys sound? Explanation: A "smooth" modulation means the transition does not feel abrupt or disjointed but flows naturally between keys. "Tonal coherence" refers to the sense that the modulation maintains a consistent harmonic and melodic connection between the original and target keys. | AL2: Authenticity to Professional Composition On a scale of 1 (poor) – 5 (excellent), how closely does the modulation resemble how a professional composer would approach modulation in a composed piece? Explanation: This refers to whether the modulation feels artistically intentional, stylistically appropriate, and consistent with compositional techniques used in pop music. | AM2: Comment: Please describe any aspects that contributed to the smoothness or roughness of the modulation, and if it feels unnatural or artificial, explain what factors contribute to this impression. | AN2: Comparatively, between generated music example 1, 2, 3, 4 and 5, which modulation sounded WORSE? | AO2: Smoothness and Tonal Coherence On a scale of 1 (poor) – 5 (excellent), how smooth and tonally coherent did the transition between keys sound? Explanation: A "smooth" modulation means the transition does not feel abrupt or disjointed but flows naturally between keys. "Tonal coherence" refers to the sense that the modulation maintains a consistent harmonic and melodic connection between the original and target keys. | AP2: Authenticity to Professional Composition On a scale of 1 (poor) – 5 (excellent), how closely does the modulation resemble how a professional composer would approach modulation in a composed piece? Explanation: This refers to whether the modulation feels artistically intentional, stylistically appropriate, and consistent with compositional techniques used in pop music. | AQ2: Comment: Please describe any aspects that contributed to the smoothness or roughness of the modulation, and if it feels unnatural or artificial, explain what factors contribute to this impression.
A3: 10 or more | B3: 10 or more | C3: 10 or more | D3: Classical,Jazz | E3: Musician,Composer,Music Producer,MIR Researcher | F3: 4 | G3: 4 | H3: It doesn't feel unnatural | I3: 3 | J3: 2 | K3: Some composers can do something similar in pop songs maybe, but the stop is not contemplated in pop music anymore | L3: 2 | M3: 2 | N3: It doesn't feel natural because of the same thing as before. | O3: 1 | P3: 1 | Q3: The modulation feels very very bad and not natural, no composers would have done it | R3: 1 | S3: 1 | T3: It is not natural at all, no composers would have done it | U3: Music Example 4 | V3: 3 | W3: 3 | X3: The first part is cool, it's the very last chords that must be revised | Y3: 3 | Z3: 3 | AA3: Not bad at all | AB3: 4 | AC3: 4 | AD3: It could be very nice with little adjustments | AE3: 5 | AF3: 5 | AH3: 3 | AI3: 3 | AJ3: Not very likely, maybe a composer with not so much experience | AK3: 4 | AL3: 4 | AM3: Nice | AN3: Music Example 1 | AO3: 2 | AP3: 1 | AQ3: No composers would do this
A4: 10 or more | B4: 10 or more | C4: 10 or more | D4: Classical,Country,Folk,Rock/Metal,Other | E4: Musician | F4: 2 | G4: 2 | H4: the modulation has not the same character of the music before the modulation. in my opinion it is too fast and chaotic and even if it obviously respects the rules of harmony of the modulation it is too dynamic when listening and not coherent with what we heard before. it is also too fast. I would appreciate more a gradual modulation with more attention to the harmonic degrees that the modulation passes through. | I4: 1 | J4: 1 | K4: Too fast and without passages needed but the break it’s interesting. Similar to pop music. | L4: 3 | M4: 1 | N4: Too repetitive. Similar to a pop “drop” modulation | O4: 1 | P4: 1 | Q4: Incoherent | R4: 5 | S4: 5 | T4: Stilistically appropriate. | U4: Music Example 4 | V4: 4 | W4: 5 | X4: Really interesting and not expected | Y4: 2 | Z4: 2 | AA4: Too fast. Too pop | AB4: 4 | AC4: 2 | AD4: Too easy, just a scale. “Chiamata” | AE4: 5 | AF4: 5 | AG4: Simply perfect | AH4: 1 | AI4: 3 | AJ4: A bit too much of “la la land” but with no coherence with the music before | AK4: 5 | AL4: 5 | AM4: Simply pop | AN4: Music Example 2 | AO4: 4 | AP4: 4 | AQ4: Piacevole
A5: 10 or more | B5: 10 or more | C5: 10 or more | D5: Classical,Pop,Other | E5: Musician,Composer | F5: 3 | G5: 3 | I5: 4 | J5: 4 | L5: 3 | M5: 2 | O5: 2 | P5: 1 | R5: 2 | S5: 2 | U5: Music Example 4 | V5: 2 | W5: 1 | Y5: 4 | Z5: 4 | AB5: 3 | AC5: 3 | AE5: 3 | AF5: 4 | AH5: 2 | AI5: 2 | AK5: 4 | AL5: 4 | AN5: Music Example 4 | AO5: 2 | AP5: 2
A6: 10 or more | B6: 2 | C6: 10 or more | D6: Jazz,Pop | F6: 4 | G6: 3 | H6: The modulation feels generally natural and harmonically coherent, contributing to an overall sense of continuity. However, it is less convincing from a rhythmic perspective: a sudden cascade of notes at the point of modulation introduces a sense of discontinuity, making the transition feel slightly forced. | I6: 2 | J6: 4 | K6: The modulation is abrupt, featuring a direct semitone shift without preparation, which results in a relatively rough transition. Nevertheless, this approach is widely used in pop music and aligns with common professional practices, even if it comes across as somewhat predictable. | L6: 2 | M6: 1 | N6: The modulation feels poorly executed and unconvincing. The repetitive bass pattern driving the transition creates a sense of monotony and lacks clear harmonic direction, resulting in a modulation that sounds forced and unnatural. | O6: 2 | P6: 2 | Q6: The modulation feels somewhat arbitrary, lacking a clear sense of musical intention or direction. | R6: 3 | S6: 1 | T6: The modulation initially suggests a coherent transition, but loses direction just as it seems to be established, diverging into a less convincing harmonic progression. As a result, the transition feels inconsistent and not fully resolved. | U6: Music Example 3 | V6: 2 | W6: 3 | X6: The modulation is introduced through an abrupt chromatic shift rather than a gradual transition, which makes it feel somewhat sudden. However, this type of modulation is commonly used in popular music and reflects a familiar stylistic approach, even if it lacks subtlety. | Y6: 4 | Z6: 5 | AA6: The modulation is smooth and well integrated, with a clear sense of tonal continuity between the two keys. The transition feels natural and musically convincing, reflecting a professional and stylistically appropriate approach. | AB6: 3 | AC6: 4 | AD6: The modulation is generally smooth and tonally coherent, but a noticeable leap makes the transition less natural and less musically convincing. As a result, it feels somewhat less refined from a professional perspective. | AE6: 5 | AF6: 5 | AG6: The modulation is smooth, coherent, and musically convincing, with a clear sense of control and professional execution. | AH6: 2 | AI6: 2 | AJ6: The modulation suffers from significant rhythmic and melodic discontinuities, which break the flow and undermine the transition. As a result, it feels abrupt, poorly integrated, and not musically convincing. | AK6: 4 | AL6: 5 | AM6: The modulation is straightforward and effective, maintaining good tonal coherence throughout. Although relatively simple, it is well executed and reflects a solid, professional approach. | AN6: Music Example 4 | AO6: 4 | AP6: 3 | AQ6: The modulation is relatively smooth and maintains a sense of tonal continuity, resulting in a generally coherent transition. However, the approach feels somewhat unconventional and lacks the refinement typically associated with professional compositional practices, making it less convincing from a stylistic standpoint.
A7: 10 or more | B7: 10 or more | C7: 10 or more | D7: Jazz, Rock/Metal | E7: MIR Researcher | F7: 3 | G7: 3 | H7: One thing that stood out a bit (seemed a bit unnatural) is that it was hard to tell exactly when the modulation occurred. At least in classical music, modulation should typically be easy to hear. | I7: 3 | J7: 4 | K7: Sounded like there was a pause that signaled the modulation. I think this sounded a bit more natural than the last example, but the pause may have been a bit too long/obvious. | L7: 1 | M7: 2 | N7: Sounded quite strange with a repeated note. | O7: 1 | P7: 1 | Q7: Sounded quite dissonant and honestly full of "mistakes". | R7: 3 | S7: 3 | T7: Sounded a bit strange, but overall not too bad. | U7: Music Example 4 | V7: 4 | W7: 3 | X7: Fairly smooth transition, but did not exactly sound very intentional. | Y7: 4 | Z7: 5 | AA7: Overall, sounded pretty good. | AB7: 5 | AC7: 4 | AD7: Modulation was quite smooth. | AE7: 5 | AF7: 5 | AG7: Very good. | AH7: 2 | AI7: 2 | AJ7: Not very smooth transition. | AK7: 4 | AL7: 5 | AM7: Sounded artistically pretty natural. | AN7: Music Example 4 | AO7: 4 | AP7: 3 | AQ7: Modulation sounded a bit strange, but not too unnatural.

Sheet Survey B
A1: Q1_1 | B1: Q1_2 | C1: Q1_3 | D1: Q2 | E1: Q3 | F1: Q1 | G1: Q2 | H1: Q3 | I1: Q4 | J1: Q5 | K1: Q6 | L1: Q7 | M1: Q8 | N1: Q9 | O1: Q10 | P1: Q11 | Q1: Q12 | R1: Q13 | S1: Q14 | T1: Q15 | U1: Q16 | V1: Q17 | W1: Q18 | X1: Q19 | Y1: Q20 | Z1: Q21 | AA1: Q22 | AB1: Q23 | AC1: Q24 | AD1: Q25 | AE1: Q26 | AF1: Q27 | AG1: Q28 | AH1: Q29 | AI1: Q30 | AJ1: Q31 | AK1: Q32 | AL1: Q33 | AM1: Q34 | AN1: Q35 | AO1: Q36 | AP1: Q37 | AQ1: Q38
A2: Please answer the following to help us assess your musical experience. - I engaged in regular, daily practice of a musical instrument (including voice) for 0 / 1 / 2 / 3 / 4-5 / 6-9 / 10 or more years | B2: Please answer the following to help us assess your musical experience. - I have had formal training in music theory for 0 / 1 / 2 / 3 / 4-5 / 6-9 / 10 or more years | C2: Please answer the following to help us assess your musical experience. - I have had 0 / 1 / 2 / 3 / 4-5 / 6-9 / 10 or more years of formal training on a musical instrument (including voice) during my lifetime | D2: What is your favourite music genre? You can select multiple. | E2: Are you a music industry professional? You can select multiple. | F2: Smoothness and Tonal Coherence On a scale of 1 (poor) – 5 (excellent), how smooth and tonally coherent did the transition between keys sound? Explanation: A "smooth" modulation means the transition does not feel abrupt or disjointed but flows naturally between keys. "Tonal coherence" refers to the sense that the modulation maintains a consistent harmonic and melodic connection between the original and target keys. | G2: Authenticity to Professional Composition On a scale of 1 (poor) – 5 (excellent), how closely does the modulation resemble how a professional composer would approach modulation in a composed piece? Explanation: This refers to whether the modulation feels artistically intentional, stylistically appropriate, and consistent with compositional techniques used in pop music. | H2: Comment: Please describe any aspects that contributed to the smoothness or roughness of the modulation, and if it feels unnatural or artificial, explain what factors contribute to this impression. | I2: Smoothness and Tonal Coherence On a scale of 1 (poor) – 5 (excellent), how smooth and tonally coherent did the transition between keys sound? Explanation: A "smooth" modulation means the transition does not feel abrupt or disjointed but flows naturally between keys. "Tonal coherence" refers to the sense that the modulation maintains a consistent harmonic and melodic connection between the original and target keys. | J2: Authenticity to Professional Composition On a scale of 1 (poor) – 5 (excellent), how closely does the modulation resemble how a professional composer would approach modulation in a composed piece? Explanation: This refers to whether the modulation feels artistically intentional, stylistically appropriate, and consistent with compositional techniques used in pop music. | K2: Comment: Please describe any aspects that contributed to the smoothness or roughness of the modulation, and if it feels unnatural or artificial, explain what factors contribute to this impression. | L2: Smoothness and Tonal Coherence On a scale of 1 (poor) – 5 (excellent), how smooth and tonally coherent did the transition between keys sound? Explanation: A "smooth" modulation means the transition does not feel abrupt or disjointed but flows naturally between keys. "Tonal coherence" refers to the sense that the modulation maintains a consistent harmonic and melodic connection between the original and target keys. | M2: Authenticity to Professional Composition On a scale of 1 (poor) – 5 (excellent), how closely does the modulation resemble how a professional composer would approach modulation in a composed piece? Explanation: This refers to whether the modulation feels artistically intentional, stylistically appropriate, and consistent with compositional techniques used in pop music. | N2: Comment: Please describe any aspects that contributed to the smoothness or roughness of the modulation, and if it feels unnatural or artificial, explain what factors contribute to this impression. | O2: Smoothness and Tonal Coherence On a scale of 1 (poor) – 5 (excellent), how smooth and tonally coherent did the transition between keys sound? Explanation: A "smooth" modulation means the transition does not feel abrupt or disjointed but flows naturally between keys. "Tonal coherence" refers to the sense that the modulation maintains a consistent harmonic and melodic connection between the original and target keys. | P2: Authenticity to Professional Composition On a scale of 1 (poor) – 5 (excellent), how closely does the modulation resemble how a professional composer would approach modulation in a composed piece? Explanation: This refers to whether the modulation feels artistically intentional, stylistically appropriate, and consistent with compositional techniques used in pop music. | Q2: Comment: Please describe any aspects that contributed to the smoothness or roughness of the modulation, and if it feels unnatural or artificial, explain what factors contribute to this impression. | R2: Smoothness and Tonal Coherence On a scale of 1 (poor) – 5 (excellent), how smooth and tonally coherent did the transition between keys sound? Explanation: A "smooth" modulation means the transition does not feel abrupt or disjointed but flows naturally between keys. "Tonal coherence" refers to the sense that the modulation maintains a consistent harmonic and melodic connection between the original and target keys. | S2: Authenticity to Professional Composition On a scale of 1 (poor) – 5 (excellent), how closely does the modulation resemble how a professional composer would approach modulation in a composed piece? Explanation: This refers to whether the modulation feels artistically intentional, stylistically appropriate, and consistent with compositional techniques used in pop music. | T2: Comment: Please describe any aspects that contributed to the smoothness or roughness of the modulation, and if it feels unnatural or artificial, explain what factors contribute to this impression. | U2: Comparatively, between generated music example 1, 2, 3, 4 and 5, which modulation sounded WORSE? | V2: Smoothness and Tonal Coherence On a scale of 1 (poor) – 5 (excellent), how smooth and tonally coherent did the transition between keys sound? Explanation: A "smooth" modulation means the transition does not feel abrupt or disjointed but flows naturally between keys. "Tonal coherence" refers to the sense that the modulation maintains a consistent harmonic and melodic connection between the original and target keys. | W2: Authenticity to Professional Composition On a scale of 1 (poor) – 5 (excellent), how closely does the modulation resemble how a professional composer would approach modulation in a composed piece? Explanation: This refers to whether the modulation feels artistically intentional, stylistically appropriate, and consistent with compositional techniques used in pop music. | X2: Comment: Please describe any aspects that contributed to the smoothness or roughness of the modulation, and if it feels unnatural or artificial, explain what factors contribute to this impression. | Y2: Smoothness and Tonal Coherence On a scale of 1 (poor) – 5 (excellent), how smooth and tonally coherent did the transition between keys sound? Explanation: A "smooth" modulation means the transition does not feel abrupt or disjointed but flows naturally between keys. "Tonal coherence" refers to the sense that the modulation maintains a consistent harmonic and melodic connection between the original and target keys. | Z2: Authenticity to Professional Composition On a scale of 1 (poor) – 5 (excellent), how closely does the modulation resemble how a professional composer would approach modulation in a composed piece? Explanation: This refers to whether the modulation feels artistically intentional, stylistically appropriate, and consistent with compositional techniques used in pop music. | AA2: Comment: Please describe any aspects that contributed to the smoothness or roughness of the modulation, and if it feels unnatural or artificial, explain what factors contribute to this impression. | AB2: Smoothness and Tonal Coherence On a scale of 1 (poor) – 5 (excellent), how smooth and tonally coherent did the transition between keys sound? Explanation: A "smooth" modulation means the transition does not feel abrupt or disjointed but flows naturally between keys. "Tonal coherence" refers to the sense that the modulation maintains a consistent harmonic and melodic connection between the original and target keys. | AC2: Authenticity to Professional Composition On a scale of 1 (poor) – 5 (excellent), how closely does the modulation resemble how a professional composer would approach modulation in a composed piece? Explanation: This refers to whether the modulation feels artistically intentional, stylistically appropriate, and consistent with compositional techniques used in pop music. | AD2: Comment: Please describe any aspects that contributed to the smoothness or roughness of the modulation, and if it feels unnatural or artificial, explain what factors contribute to this impression. | AE2: Smoothness and Tonal Coherence On a scale of 1 (poor) – 5 (excellent), how smooth and tonally coherent did the transition between keys sound? Explanation: A "smooth" modulation means the transition does not feel abrupt or disjointed but flows naturally between keys. "Tonal coherence" refers to the sense that the modulation maintains a consistent harmonic and melodic connection between the original and target keys. | AF2: Authenticity to Professional Composition On a scale of 1 (poor) – 5 (excellent), how closely does the modulation resemble how a professional composer would approach modulation in a composed piece? Explanation: This refers to whether the modulation feels artistically intentional, stylistically appropriate, and consistent with compositional techniques used in pop music. | AG2: Comment: Please describe any aspects that contributed to the smoothness or roughness of the modulation, and if it feels unnatural or artificial, explain what factors contribute to this impression. | AH2: Smoothness and Tonal Coherence On a scale of 1 (poor) – 5 (excellent), how smooth and tonally coherent did the transition between keys sound? Explanation: A "smooth" modulation means the transition does not feel abrupt or disjointed but flows naturally between keys. "Tonal coherence" refers to the sense that the modulation maintains a consistent harmonic and melodic connection between the original and target keys. | AI2: Authenticity to Professional Composition On a scale of 1 (poor) – 5 (excellent), how closely does the modulation resemble how a professional composer would approach modulation in a composed piece? Explanation: This refers to whether the modulation feels artistically intentional, stylistically appropriate, and consistent with compositional techniques used in pop music. | AJ2: Comment: Please describe any aspects that contributed to the smoothness or roughness of the modulation, and if it feels unnatural or artificial, explain what factors contribute to this impression. | AK2: Smoothness and Tonal Coherence On a scale of 1 (poor) – 5 (excellent), how smooth and tonally coherent did the transition between keys sound? Explanation: A "smooth" modulation means the transition does not feel abrupt or disjointed but flows naturally between keys. "Tonal coherence" refers to the sense that the modulation maintains a consistent harmonic and melodic connection between the original and target keys. | AL2: Authenticity to Professional Composition On a scale of 1 (poor) – 5 (excellent), how closely does the modulation resemble how a professional composer would approach modulation in a composed piece? Explanation: This refers to whether the modulation feels artistically intentional, stylistically appropriate, and consistent with compositional techniques used in pop music. | AM2: Comment: Please describe any aspects that contributed to the smoothness or roughness of the modulation, and if it feels unnatural or artificial, explain what factors contribute to this impression. | AN2: Comparatively, between generated music example 1, 2, 3, 4 and 5, which modulation sounded WORSE? | AO2: Smoothness and Tonal Coherence On a scale of 1 (poor) – 5 (excellent), how smooth and tonally coherent did the transition between keys sound? Explanation: A "smooth" modulation means the transition does not feel abrupt or disjointed but flows naturally between keys. "Tonal coherence" refers to the sense that the modulation maintains a consistent harmonic and melodic connection between the original and target keys. | AP2: Authenticity to Professional Composition On a scale of 1 (poor) – 5 (excellent), how closely does the modulation resemble how a professional composer would approach modulation in a composed piece? Explanation: This refers to whether the modulation feels artistically intentional, stylistically appropriate, and consistent with compositional techniques used in pop music. | AQ2: Comment: Please describe any aspects that contributed to the smoothness or roughness of the modulation, and if it feels unnatural or artificial, explain what factors contribute to this impression.
A3: 2 | B3: 10 or more | C3: 10 or more | D3: Classical,Country,Electronic,Pop | E3: MIR Researcher | F3: 3 | G3: 3 | H3: The modulation has a mixed effect: it is somewhat smooth in sound, but not especially organic in tonal logic. The direct move from E minor to F minor is abrupt because there is no clear pivot chord or conventional preparation. Still, it avoids sounding completely awkward because the chromatic semitone shift between the two tonic triads creates a certain voice-leading coherence, and the iv–V–i in F minor confirms the new key quickly. It can feel a little artificial because the modulation seems imposed from outside rather than grown naturally out of the previous harmonic context. | I3: 4 | J3: 5 | K3: The modulation sounds technically smooth because the progression from E minor → G major → G minor (via V7) → E-flat major → A-flat major → F minor (via V7) is handled through traditional tonal syntax, with common chords and dominant-function harmony helping each transition. This makes the local voice-leading and harmonic logic feel convincing. At the same time, the overall sequence can feel somewhat artificial or heavy because the music keeps moving through multiple tonal regions instead of arriving more directly. In that sense, the roughness is not caused by faulty harmonic writing, but by the sheer number of modulations, which can make the passage seem unnecessarily elaborate. | L3: 1 | M3: 1 | N3: The modulation feels unnatural because it is suggested mainly through melody after a single jazz-like chord, without enough harmonic preparation or confirmation. Around 20:30, the new key is not convincingly established, so the passage sounds tonally ambiguous and somewhat forced rather than like a fully realized modulation. | O3: 2 | P3: 1 | Q3: The modulation feels very abrupt because it moves too quickly into V7 of F minor without adequate preparation. As a result, the shift sounds forced and unnatural rather than smoothly connected. | R3: 2 | S3: 3 | T3: The beginning of the 20:30 passage is fairly successful and shows a good sense of phrase structure. However, the modulation does not unfold naturally within the limited 10-second span: it seems to begin a smoother transition, but then shifts too quickly before that process is fully developed. As a result, the latter part of the connection feels rushed and awkward. | U3: Music Example 3 | V3: 2 | W3: 1 | X3: The passage shows a good sense of phrasing, and the opening connection is excellent. However, the ending feels awkward, and the modulation is not convincingly established by the close. | Y3: 2 | Z3: 1 | AA3: This is a difficult task, because even after 20:30 the target key of C major is not clearly established through a V–I motion. As a result, there appears to be limited opportunity within the passage to produce a fully convincing modulation. | AB3: 2 | AC3: 4 | AD3: Because A major and C major share no direct common triad, a traditional pivot-chord modulation is essentially impossible here. Given that constraint, the modulation does sound somewhat nontraditional and forced, but the rhythm and phrase shaping are excellent. As a result, even if it is not harmonically ideal, it still feels like a plausible solution that a professional might have produced. | AE3: 2 | AF3: 3 | AG3: Not as natural as Example 3, but it somehow understands the sense of phrasing and strong beat. | AH3: 3 | AI3: 2 | AJ3: The later move through A minor, the relative minor of C major, is a good idea. However, the earlier part of the transition feels completely forced, so the modulation remains uneven overall. | AK3: 4 | AL3: 5 | AM3: Given that a traditional pivot-chord modulation is not really possible here and there is too little space for a longer intermediate process, this feels like a plausible professional solution: it handles rhythm and phrasing extremely well, closes off the A major section decisively, and then uses a direct modulation to create an effective change of atmosphere, even if the result is not traditional in harmonic terms. | AN3: Music Example 1 | AO3: 2 | AP3: 1 | AQ3: This was a difficult piece to score. The modulation itself is not very natural and is handled rather directly. Although there is some attempt to smooth the connection through the melody and the continuity of the left and right hand parts, the result feels distinctly non-human, as if the two hands are being switched over one by one rather than shaped as a unified musical gesture. An interesting technique though.
A4: 4-5 | B4: 4-5 | C4: 4-5 | D4: Classical,Folk,Rock/Metal | F4: 2 | G4: 4 | I4: 4 | J4: 4 | L4: 1 | M4: 2 | O4: 4 | P4: 3 | R4: 4 | S4: 5 | U4: Music Example 3 | V4: 3 | W4: 5 | Y4: 2 | Z4: 4 | AB4: 4 | AC4: 5 | AE4: 2 | AF4: 1 | AH4: 1 | AI4: 1 | AK4: 4 | AL4: 2 | AN4: Music Example 4 | AO4: 1 | AP4: 2
A5: 10 or more | B5: 10 or more | C5: 10 or more | D5: Classical,Jazz,Blues,Folk,Pop | E5: Musician,Composer | F5: 1 | G5: 4 | H5: The internal voice going from the note B to C is alone, not supported by a chord. This factor makes the modulation abrupt. However, also in the theory of harmony abrupt modulations are provided; they sound immediate and have a strong emotional impact. In addition to this, modulating directly a half tone higher - like happens in the provided example - is very common in songs (especially pop music). | I5: 1 | J5: 3 | K5: I personally find this modulation artificial. The G minor chord is too far from E minor and its reappearance (G minor, Eb, G minor) doesn’t make the transition seem more gradual. | L5: 1 | M5: 1 | N5: This modulation is rough because it uses Bb minor as the main step to go through F minor, but is way too far from E minor. | O5: 1 | P5: 1 | Q5: This modulation seems unclear and musically weak. The bass line steps from G directly to F (creating II - I, or II - V46 - I), it’s to say, there isn’t a defined cadence. | R5: 1 | S5: 4 | T5: This modulation is abrupt, but, like the first example, it has a certain artistic value. | U5: Music Example 4 | V5: 1 | W5: 1 | X5: This modulation seems artificial and does’t have an artistic value. | Y5: 1 | Z5: 1 | AA5: There are so many aspects of ambiguity that they can’t be described properly. | AB5: 1 | AC5: 5 | AD5: This is a very good example of abrupt modulation and it is very artistical. | AE5: 3 | AF5: 3 | AG5: This modulation seems quite good: using F as the step chord (VI lowered of A) has a fascinating effect. | AH5: 1 | AI5: 1 | AJ5: There are so many aspects of ambiguity that they can’t be described properly. | AK5: 1 | AL5: 5 | AM5: A very good, strong, and efficient example of abrupt modulation. Very nice. | AN5: Music Example 4 | AO5: 1 | AP5: 1 | AQ5: There are so many aspects of ambiguity that they can’t be described properly.
A6: 10 or more | B6: 10 or more | C6: 10 or more | D6: Classical,Jazz | E6: Musician,Composer,Sound Engineer,Music Producer,MIR Researcher | F6: 4 | G6: 4 | H6: Great modulation, very simple, but effective. | I6: 4 | J6: 4 | K6: Great and simple | L6: 2 | M6: 2 | N6: The modulation is very bad in form of cadenza, but it is out of the style of the rest of the song | O6: 3 | P6: 3 | Q6: The modulation was not that bad, but the pivot chord sounded like a cluster | R6: 4 | S6: 3 | T6: The modulation was great, but it sounded a little bit out of style the theme during the modulation. | U6: Music Example 3 | V6: 3 | W6: 2 | X6: It wasn't very good, the last chord was out of stile | Y6: 3 | Z6: 3 | AA6: The modulation was very simple, but a little bit out of key with a chromatic note that doesn't feel good. | AB6: 3 | AC6: 3 | AD6: Smooth | AE6: 2 | AF6: 3 | AG6: The pivot chord wasn't great. | AH6: 2 | AI6: 2 | AJ6: It sounded very weird full of notes that are out of key. | AK6: 4 | AL6: 4 | AM6: Not bad modulation | AN6: Music Example 4 | AO6: 1 | AP6: 1 | AQ6: The last notes of the modulation were very bad
A7: 6-9 | B7: 10 or more | C7: 10 or more | D7: Classical,Jazz | E7: Musician,Composer,MIR Researcher | F7: 2 | G7: 3 | H7: The minor fifth degree in the Em cadence just before the modulation helped make it smoother. It feels quite impressionable, due partly to the gap in notes just before the modulation - but this is a standard technique. | I7: 4 | J7: 4 | K7: D is the dominant of Gm which helps make it much smoother. | L7: 3 | M7: 2 | N7: Despite the semitone relations in many voices it still feels awkward and rough. I have composed similar modulations, but have regreted it haha | O7: 3 | P7: 3 | Q7: This one is interesting, it feels like falling but smoothly. | R7: 1 | S7: 2 | T7: Very rough, no obvious connection. | U7: Music Example 1 | V7: 1 | W7: 1 | X7: Super unnatural, seems unreasonable. | Y7: 1 | Z7: 1 | AA7: The c sharp clashes with the c natural, plus it feels like we're finally landing of F instead of C. Pretty bad. | AB7: 2 | AC7: 3 | AD7: The Beatles progression - pretty nice, though not smooth nor rough. Something in between. | AE7: 2 | AF7: 1 | AG7: I don't remember ever hearing this in pop music. Just anticipating the new chord doesn't help too much with making it smoother - though it is better than changing chords right at the new bar. | AH7: 2 | AI7: 1 | AJ7: Smooth because it just uses relative minor. But quite boring, not landing on C until much later. | AK7: 2 | AL7: 1 | AM7: Pretty rough, don't recall hearing it often at all. | AN7: Music Example 1 | AO7: 2 | AP7: 1 | AQ7: The prolonged E dominant helped make it a bit smoother, but in the end it's just a parallel minor modulation - not particularly smooth.

Sheet Survey C
A1: Q1_1 | B1: Q1_2 | C1: Q1_3 | D1: Q2 | E1: Q3 | F1: Q1 | G1: Q2 | H1: Q3 | I1: Q4 | J1: Q5 | K1: Q6 | L1: Q7 | M1: Q8 | N1: Q9 | O1: Q10 | P1: Q11 | Q1: Q12 | R1: Q13 | S1: Q14 | T1: Q15 | U1: Q16 | V1: Q17 | W1: Q18 | X1: Q19 | Y1: Q20 | Z1: Q21 | AA1: Q22 | AB1: Q23 | AC1: Q24 | AD1: Q25 | AE1: Q26 | AF1: Q27 | AG1: Q28 | AH1: Q29 | AI1: Q30 | AJ1: Q31 | AK1: Q32 | AL1: Q33 | AM1: Q34 | AN1: Q35 | AO1: Q36 | AP1: Q37 | AQ1: Q38
A2: Please answer the following to help us assess your musical experience. - I engaged in regular, daily practice of a musical instrument (including voice) for 0 / 1 / 2 / 3 / 4-5 / 6-9 / 10 or more years | B2: Please answer the following to help us assess your musical experience. - I have had formal training in music theory for 0 / 1 / 2 / 3 / 4-5 / 6-9 / 10 or more years | C2: Please answer the following to help us assess your musical experience. - I have had 0 / 1 / 2 / 3 / 4-5 / 6-9 / 10 or more years of formal training on a musical instrument (including voice) during my lifetime | D2: What is your favourite music genre? You can select multiple. | E2: Are you a music industry professional? You can select multiple. | F2: Smoothness and Tonal Coherence On a scale of 1 (poor) – 5 (excellent), how smooth and tonally coherent did the transition between keys sound? Explanation: A "smooth" modulation means the transition does not feel abrupt or disjointed but flows naturally between keys. "Tonal coherence" refers to the sense that the modulation maintains a consistent harmonic and melodic connection between the original and target keys. | G2: Authenticity to Professional Composition On a scale of 1 (poor) – 5 (excellent), how closely does the modulation resemble how a professional composer would approach modulation in a composed piece? Explanation: This refers to whether the modulation feels artistically intentional, stylistically appropriate, and consistent with compositional techniques used in pop music. | H2: Comment: Please describe any aspects that contributed to the smoothness or roughness of the modulation, and if it feels unnatural or artificial, explain what factors contribute to this impression. | I2: Smoothness and Tonal Coherence On a scale of 1 (poor) – 5 (excellent), how smooth and tonally coherent did the transition between keys sound? Explanation: A "smooth" modulation means the transition does not feel abrupt or disjointed but flows naturally between keys. "Tonal coherence" refers to the sense that the modulation maintains a consistent harmonic and melodic connection between the original and target keys. | J2: Authenticity to Professional Composition On a scale of 1 (poor) – 5 (excellent), how closely does the modulation resemble how a professional composer would approach modulation in a composed piece? Explanation: This refers to whether the modulation feels artistically intentional, stylistically appropriate, and consistent with compositional techniques used in pop music. | K2: Comment: Please describe any aspects that contributed to the smoothness or roughness of the modulation, and if it feels unnatural or artificial, explain what factors contribute to this impression. | L2: Smoothness and Tonal Coherence On a scale of 1 (poor) – 5 (excellent), how smooth and tonally coherent did the transition between keys sound? Explanation: A "smooth" modulation means the transition does not feel abrupt or disjointed but flows naturally between keys. "Tonal coherence" refers to the sense that the modulation maintains a consistent harmonic and melodic connection between the original and target keys. | M2: Authenticity to Professional Composition On a scale of 1 (poor) – 5 (excellent), how closely does the modulation resemble how a professional composer would approach modulation in a composed piece? Explanation: This refers to whether the modulation feels artistically intentional, stylistically appropriate, and consistent with compositional techniques used in pop music. | N2: Comment: Please describe any aspects that contributed to the smoothness or roughness of the modulation, and if it feels unnatural or artificial, explain what factors contribute to this impression. | O2: Smoothness and Tonal Coherence On a scale of 1 (poor) – 5 (excellent), how smooth and tonally coherent did the transition between keys sound? Explanation: A "smooth" modulation means the transition does not feel abrupt or disjointed but flows naturally between keys. "Tonal coherence" refers to the sense that the modulation maintains a consistent harmonic and melodic connection between the original and target keys. | P2: Authenticity to Professional Composition On a scale of 1 (poor) – 5 (excellent), how closely does the modulation resemble how a professional composer would approach modulation in a composed piece? Explanation: This refers to whether the modulation feels artistically intentional, stylistically appropriate, and consistent with compositional techniques used in pop music. | Q2: Comment: Please describe any aspects that contributed to the smoothness or roughness of the modulation, and if it feels unnatural or artificial, explain what factors contribute to this impression. | R2: Smoothness and Tonal Coherence On a scale of 1 (poor) – 5 (excellent), how smooth and tonally coherent did the transition between keys sound? Explanation: A "smooth" modulation means the transition does not feel abrupt or disjointed but flows naturally between keys. "Tonal coherence" refers to the sense that the modulation maintains a consistent harmonic and melodic connection between the original and target keys. | S2: Authenticity to Professional Composition On a scale of 1 (poor) – 5 (excellent), how closely does the modulation resemble how a professional composer would approach modulation in a composed piece? Explanation: This refers to whether the modulation feels artistically intentional, stylistically appropriate, and consistent with compositional techniques used in pop music. | T2: Comment: Please describe any aspects that contributed to the smoothness or roughness of the modulation, and if it feels unnatural or artificial, explain what factors contribute to this impression. | U2: Comparatively, between generated music example 1, 2, 3, 4 and 5, which modulation sounded WORSE? | V2: Smoothness and Tonal Coherence On a scale of 1 (poor) – 5 (excellent), how smooth and tonally coherent did the transition between keys sound? Explanation: A "smooth" modulation means the transition does not feel abrupt or disjointed but flows naturally between keys. "Tonal coherence" refers to the sense that the modulation maintains a consistent harmonic and melodic connection between the original and target keys. | W2: Authenticity to Professional Composition On a scale of 1 (poor) – 5 (excellent), how closely does the modulation resemble how a professional composer would approach modulation in a composed piece? Explanation: This refers to whether the modulation feels artistically intentional, stylistically appropriate, and consistent with compositional techniques used in pop music. | X2: Comment: Please describe any aspects that contributed to the smoothness or roughness of the modulation, and if it feels unnatural or artificial, explain what factors contribute to this impression. | Y2: Smoothness and Tonal Coherence On a scale of 1 (poor) – 5 (excellent), how smooth and tonally coherent did the transition between keys sound? Explanation: A "smooth" modulation means the transition does not feel abrupt or disjointed but flows naturally between keys. "Tonal coherence" refers to the sense that the modulation maintains a consistent harmonic and melodic connection between the original and target keys. | Z2: Authenticity to Professional Composition On a scale of 1 (poor) – 5 (excellent), how closely does the modulation resemble how a professional composer would approach modulation in a composed piece? Explanation: This refers to whether the modulation feels artistically intentional, stylistically appropriate, and consistent with compositional techniques used in pop music. | AA2: Comment: Please describe any aspects that contributed to the smoothness or roughness of the modulation, and if it feels unnatural or artificial, explain what factors contribute to this impression. | AB2: Smoothness and Tonal Coherence On a scale of 1 (poor) – 5 (excellent), how smooth and tonally coherent did the transition between keys sound? Explanation: A "smooth" modulation means the transition does not feel abrupt or disjointed but flows naturally between keys. "Tonal coherence" refers to the sense that the modulation maintains a consistent harmonic and melodic connection between the original and target keys. | AC2: Authenticity to Professional Composition On a scale of 1 (poor) – 5 (excellent), how closely does the modulation resemble how a professional composer would approach modulation in a composed piece? Explanation: This refers to whether the modulation feels artistically intentional, stylistically appropriate, and consistent with compositional techniques used in pop music. | AD2: Comment: Please describe any aspects that contributed to the smoothness or roughness of the modulation, and if it feels unnatural or artificial, explain what factors contribute to this impression. | AE2: Smoothness and Tonal Coherence On a scale of 1 (poor) – 5 (excellent), how smooth and tonally coherent did the transition between keys sound? Explanation: A "smooth" modulation means the transition does not feel abrupt or disjointed but flows naturally between keys. "Tonal coherence" refers to the sense that the modulation maintains a consistent harmonic and melodic connection between the original and target keys. | AF2: Authenticity to Professional Composition On a scale of 1 (poor) – 5 (excellent), how closely does the modulation resemble how a professional composer would approach modulation in a composed piece? Explanation: This refers to whether the modulation feels artistically intentional, stylistically appropriate, and consistent with compositional techniques used in pop music. | AG2: Comment: Please describe any aspects that contributed to the smoothness or roughness of the modulation, and if it feels unnatural or artificial, explain what factors contribute to this impression. | AH2: Smoothness and Tonal Coherence On a scale of 1 (poor) – 5 (excellent), how smooth and tonally coherent did the transition between keys sound? Explanation: A "smooth" modulation means the transition does not feel abrupt or disjointed but flows naturally between keys. "Tonal coherence" refers to the sense that the modulation maintains a consistent harmonic and melodic connection between the original and target keys. | AI2: Authenticity to Professional Composition On a scale of 1 (poor) – 5 (excellent), how closely does the modulation resemble how a professional composer would approach modulation in a composed piece? Explanation: This refers to whether the modulation feels artistically intentional, stylistically appropriate, and consistent with compositional techniques used in pop music. | AJ2: Comment: Please describe any aspects that contributed to the smoothness or roughness of the modulation, and if it feels unnatural or artificial, explain what factors contribute to this impression. | AK2: Smoothness and Tonal Coherence On a scale of 1 (poor) – 5 (excellent), how smooth and tonally coherent did the transition between keys sound? Explanation: A "smooth" modulation means the transition does not feel abrupt or disjointed but flows naturally between keys. "Tonal coherence" refers to the sense that the modulation maintains a consistent harmonic and melodic connection between the original and target keys. | AL2: Authenticity to Professional Composition On a scale of 1 (poor) – 5 (excellent), how closely does the modulation resemble how a professional composer would approach modulation in a composed piece? Explanation: This refers to whether the modulation feels artistically intentional, stylistically appropriate, and consistent with compositional techniques used in pop music. | AM2: Comment: Please describe any aspects that contributed to the smoothness or roughness of the modulation, and if it feels unnatural or artificial, explain what factors contribute to this impression. | AN2: Comparatively, between generated music example 1, 2, 3, 4 and 5, which modulation sounded WORSE? | AO2: Smoothness and Tonal Coherence On a scale of 1 (poor) – 5 (excellent), how smooth and tonally coherent did the transition between keys sound? Explanation: A "smooth" modulation means the transition does not feel abrupt or disjointed but flows naturally between keys. "Tonal coherence" refers to the sense that the modulation maintains a consistent harmonic and melodic connection between the original and target keys. | AP2: Authenticity to Professional Composition On a scale of 1 (poor) – 5 (excellent), how closely does the modulation resemble how a professional composer would approach modulation in a composed piece? Explanation: This refers to whether the modulation feels artistically intentional, stylistically appropriate, and consistent with compositional techniques used in pop music. | AQ2: Comment: Please describe any aspects that contributed to the smoothness or roughness of the modulation, and if it feels unnatural or artificial, explain what factors contribute to this impression.
A3: 10 or more | B3: 6-9 | C3: 10 or more | D3: Classical,Pop | E3: Musician | F3: 2 | G3: 3 | H3: I feel it has an unnatural modulation. I feel it like a little bit strange and it has an unexpected effect. | I3: 4 | J3: 4 | K3: In this example the modulation is prepared, and less abrupt. | L3: 2 | M3: 2 | N3: It feels very artificial. | O3: 3 | P3: 3 | Q3: There's a better connection. | R3: 5 | S3: 5 | T3: This modulation is well connected, prepared. I don't feel like there is an abrupt passage between the first and the second part of the track. | U3: Music Example 3 | V3: 2 | W3: 2 | X3: It feels like the modulation is fast and not well prepared | Y3: 4 | Z3: 4 | AA3: I don't feel the modulation as abrupt and it's very natural. | AB3: 2 | AC3: 3 | AD3: This modulation isn't very natural. | AE3: 4 | AF3: 4 | AG3: This modulation is very natural. The connection between the first and the second part is excellent and stylistically coherent. | AH3: 4 | AI3: 4 | AJ3: Although this kind of modulation is less natural and unexpected, I really like it and I don't feel it as strange or abrupt. It's very pleasing, like a surprise. | AK3: 2 | AL3: 3 | AM3: This kind of modulation it's a little too quick, not prepared at all, but coherent in style. | AN3: Music Example 2 | AO3: 4 | AP3: 5 | AQ3: It's a smooth and elegant modulation. I feel it as very natural and appropriate in style.
A4: 10 or more | B4: 10 or more | C4: 10 or more | D4: Classical,Jazz,Other | E4: MIR Researcher | F4: 3 | G4: 3 | H4: there's a single pivot chord, which could be okay, but it also lasts too little and there's no interpretation change (e.g. a ritartando) to make it feels less jarring | I4: 4 | J4: 4 | K4: D to Cm is not the smoothest thing in the world, but the voice leading made it work (and the thinning of the D) | L4: 4 | M4: 3 | N4: A to Fm is not common, and the voice leading didnt help it this time | O4: 4 | P4: 3 | Q4: Fm to Ab is a bit unexpected initially, but I seem to have gotten used to it after a couple of listens. It feels a bit smoother that it's not just a pivot chord, like other examples | R4: 3 | S4: 3 | T4: I'm not sure I've heard this one before in this type of music - it just feels a bit jarring without voice leading | U4: Music Example 5 | V4: 3 | W4: 3 | X4: Isn't this example 4? I rated it slightly lower because without dynamics you can't sell the modulation | Y4: 2 | Z4: 2 | AA4: raw dogged | AB4: 2 | AC4: 2 | AD4: rushed | AE4: 5 | AF4: 5 | AH4: 2 | AI4: 2 | AJ4: maybe there was something there, but the messines of the melody and chord spread confused me | AK4: 1 | AL4: 3 | AM4: lol | AN4: Music Example 5 | AO4: 3 | AP4: 3
A5: 10 or more | B5: 10 or more | C5: 10 or more | D5: Classical,Jazz | E5: Musician,Composer,Sound Engineer,Music Producer,MIR Researcher | F5: 2 | G5: 2 | H5: There is a very poor chord | I5: 3 | J5: 2 | K5: It isn't bad, but one chord in the final part was very out of key | L5: 4 | M5: 4 | N5: Very smooth | O5: 3 | P5: 3 | Q5: Good, but not smooth | R5: 3 | S5: 3 | T5: Very easy and common, also smooth | U5: Music Example 1 | V5: 4 | W5: 4 | X5: Not bad at all, very smooth | Y5: 4 | Z5: 4 | AA5: Smooth | AB5: 2 | AC5: 2 | AD5: The last chord in the modulation wasn't in key at all | AE5: 4 | AF5: 4 | AG5: Very nice modulation with a great evolution | AH5: 3 | AI5: 3 | AJ5: Cool, but the melody was repetitive in the modulation part | AK5: 1 | AL5: 1 | AM5: The generation added some sliding and some notes that are not well positioned here. | AN5: Music Example 5 | AO5: 3 | AP5: 3 | AQ5: There was a C major that seems out of tonality
A6: 3 | B6: 1 | C6: 2 | D6: Electronic | E6: MIR Researcher | F6: 3 | G6: 3 | I6: 4 | J6: 4 | L6: 3 | M6: 3 | O6: 2 | P6: 2 | R6: 5 | S6: 5 | U6: Music Example 4 | V6: 2 | W6: 2 | Y6: 3 | Z6: 4 | AB6: 2 | AC6: 1 | AE6: 5 | AF6: 5 | AG6: Modulation chord changes make harmonic sense. | AH6: 4 | AI6: 3 | AK6: 3 | AL6: 3 | AN6: Music Example 2 | AO6: 4 | AP6: 3
A7: 10 or more | B7: 10 or more | C7: 10 or more | D7: Classical,Pop | E7: Musician,Composer | F7: 3 | G7: 3 | I7: 4 | J7: 4 | L7: 2 | M7: 3 | O7: 2 | P7: 2 | R7: 2 | S7: 3 | U7: Music Example 4 | V7: 3 | W7: 3 | Y7: 2 | Z7: 2 | AB7: 2 | AC7: 2 | AE7: 2 | AF7: 1 | AH7: 1 | AI7: 1 | AK7: 2 | AL7: 2 | AN7: Music Example 4 | AO7: 2 | AP7: 2

Sheet Survey D
A1: Q1_1 | B1: Q1_2 | C1: Q1_3 | D1: Q2 | E1: Q3 | F1: Q1 | G1: Q2 | H1: Q3 | I1: Q4 | J1: Q5 | K1: Q6 | L1: Q7 | M1: Q8 | N1: Q9 | O1: Q10 | P1: Q11 | Q1: Q12 | R1: Q13 | S1: Q14 | T1: Q15 | U1: Q16 | V1: Q17 | W1: Q18 | X1: Q19 | Y1: Q20 | Z1: Q21 | AA1: Q22 | AB1: Q23 | AC1: Q24 | AD1: Q25 | AE1: Q26 | AF1: Q27 | AG1: Q28 | AH1: Q29 | AI1: Q30 | AJ1: Q31 | AK1: Q32 | AL1: Q33 | AM1: Q34 | AN1: Q35 | AO1: Q36 | AP1: Q37 | AQ1: Q38
A2: Please answer the following to help us assess your musical experience. - I engaged in regular, daily practice of a musical instrument (including voice) for 0 / 1 / 2 / 3 / 4-5 / 6-9 / 10 or more years | B2: Please answer the following to help us assess your musical experience. - I have had formal training in music theory for 0 / 1 / 2 / 3 / 4-5 / 6-9 / 10 or more years | C2: Please answer the following to help us assess your musical experience. - I have had 0 / 1 / 2 / 3 / 4-5 / 6-9 / 10 or more years of formal training on a musical instrument (including voice) during my lifetime | D2: What is your favourite music genre? You can select multiple. | E2: Are you a music industry professional? You can select multiple. | F2: Smoothness and Tonal Coherence On a scale of 1 (poor) – 5 (excellent), how smooth and tonally coherent did the transition between keys sound? Explanation: A "smooth" modulation means the transition does not feel abrupt or disjointed but flows naturally between keys. "Tonal coherence" refers to the sense that the modulation maintains a consistent harmonic and melodic connection between the original and target keys. | G2: Authenticity to Professional Composition On a scale of 1 (poor) – 5 (excellent), how closely does the modulation resemble how a professional composer would approach modulation in a composed piece? Explanation: This refers to whether the modulation feels artistically intentional, stylistically appropriate, and consistent with compositional techniques used in pop music. | H2: Comment: Please describe any aspects that contributed to the smoothness or roughness of the modulation, and if it feels unnatural or artificial, explain what factors contribute to this impression. | I2: Smoothness and Tonal Coherence On a scale of 1 (poor) – 5 (excellent), how smooth and tonally coherent did the transition between keys sound? Explanation: A "smooth" modulation means the transition does not feel abrupt or disjointed but flows naturally between keys. "Tonal coherence" refers to the sense that the modulation maintains a consistent harmonic and melodic connection between the original and target keys. | J2: Authenticity to Professional Composition On a scale of 1 (poor) – 5 (excellent), how closely does the modulation resemble how a professional composer would approach modulation in a composed piece? Explanation: This refers to whether the modulation feels artistically intentional, stylistically appropriate, and consistent with compositional techniques used in pop music. | K2: Comment: Please describe any aspects that contributed to the smoothness or roughness of the modulation, and if it feels unnatural or artificial, explain what factors contribute to this impression. | L2: Smoothness and Tonal Coherence On a scale of 1 (poor) – 5 (excellent), how smooth and tonally coherent did the transition between keys sound? Explanation: A "smooth" modulation means the transition does not feel abrupt or disjointed but flows naturally between keys. "Tonal coherence" refers to the sense that the modulation maintains a consistent harmonic and melodic connection between the original and target keys. | M2: Authenticity to Professional Composition On a scale of 1 (poor) – 5 (excellent), how closely does the modulation resemble how a professional composer would approach modulation in a composed piece? Explanation: This refers to whether the modulation feels artistically intentional, stylistically appropriate, and consistent with compositional techniques used in pop music. | N2: Comment: Please describe any aspects that contributed to the smoothness or roughness of the modulation, and if it feels unnatural or artificial, explain what factors contribute to this impression. | O2: Smoothness and Tonal Coherence On a scale of 1 (poor) – 5 (excellent), how smooth and tonally coherent did the transition between keys sound? Explanation: A "smooth" modulation means the transition does not feel abrupt or disjointed but flows naturally between keys. "Tonal coherence" refers to the sense that the modulation maintains a consistent harmonic and melodic connection between the original and target keys. | P2: Authenticity to Professional Composition On a scale of 1 (poor) – 5 (excellent), how closely does the modulation resemble how a professional composer would approach modulation in a composed piece? Explanation: This refers to whether the modulation feels artistically intentional, stylistically appropriate, and consistent with compositional techniques used in pop music. | Q2: Comment: Please describe any aspects that contributed to the smoothness or roughness of the modulation, and if it feels unnatural or artificial, explain what factors contribute to this impression. | R2: Smoothness and Tonal Coherence On a scale of 1 (poor) – 5 (excellent), how smooth and tonally coherent did the transition between keys sound? Explanation: A "smooth" modulation means the transition does not feel abrupt or disjointed but flows naturally between keys. "Tonal coherence" refers to the sense that the modulation maintains a consistent harmonic and melodic connection between the original and target keys. | S2: Authenticity to Professional Composition On a scale of 1 (poor) – 5 (excellent), how closely does the modulation resemble how a professional composer would approach modulation in a composed piece? Explanation: This refers to whether the modulation feels artistically intentional, stylistically appropriate, and consistent with compositional techniques used in pop music. | T2: Comment: Please describe any aspects that contributed to the smoothness or roughness of the modulation, and if it feels unnatural or artificial, explain what factors contribute to this impression. | U2: Comparatively, between generated music example 1, 2, 3, 4 and 5, which modulation sounded WORSE? | V2: Smoothness and Tonal Coherence On a scale of 1 (poor) – 5 (excellent), how smooth and tonally coherent did the transition between keys sound? Explanation: A "smooth" modulation means the transition does not feel abrupt or disjointed but flows naturally between keys. "Tonal coherence" refers to the sense that the modulation maintains a consistent harmonic and melodic connection between the original and target keys. | W2: Authenticity to Professional Composition On a scale of 1 (poor) – 5 (excellent), how closely does the modulation resemble how a professional composer would approach modulation in a composed piece? Explanation: This refers to whether the modulation feels artistically intentional, stylistically appropriate, and consistent with compositional techniques used in pop music. | X2: Comment: Please describe any aspects that contributed to the smoothness or roughness of the modulation, and if it feels unnatural or artificial, explain what factors contribute to this impression. | Y2: Smoothness and Tonal Coherence On a scale of 1 (poor) – 5 (excellent), how smooth and tonally coherent did the transition between keys sound? Explanation: A "smooth" modulation means the transition does not feel abrupt or disjointed but flows naturally between keys. "Tonal coherence" refers to the sense that the modulation maintains a consistent harmonic and melodic connection between the original and target keys. | Z2: Authenticity to Professional Composition On a scale of 1 (poor) – 5 (excellent), how closely does the modulation resemble how a professional composer would approach modulation in a composed piece? Explanation: This refers to whether the modulation feels artistically intentional, stylistically appropriate, and consistent with compositional techniques used in pop music. | AA2: Comment: Please describe any aspects that contributed to the smoothness or roughness of the modulation, and if it feels unnatural or artificial, explain what factors contribute to this impression. | AB2: Smoothness and Tonal Coherence On a scale of 1 (poor) – 5 (excellent), how smooth and tonally coherent did the transition between keys sound? Explanation: A "smooth" modulation means the transition does not feel abrupt or disjointed but flows naturally between keys. "Tonal coherence" refers to the sense that the modulation maintains a consistent harmonic and melodic connection between the original and target keys. | AC2: Authenticity to Professional Composition On a scale of 1 (poor) – 5 (excellent), how closely does the modulation resemble how a professional composer would approach modulation in a composed piece? Explanation: This refers to whether the modulation feels artistically intentional, stylistically appropriate, and consistent with compositional techniques used in pop music. | AD2: Comment: Please describe any aspects that contributed to the smoothness or roughness of the modulation, and if it feels unnatural or artificial, explain what factors contribute to this impression. | AE2: Smoothness and Tonal Coherence On a scale of 1 (poor) – 5 (excellent), how smooth and tonally coherent did the transition between keys sound? Explanation: A "smooth" modulation means the transition does not feel abrupt or disjointed but flows naturally between keys. "Tonal coherence" refers to the sense that the modulation maintains a consistent harmonic and melodic connection between the original and target keys. | AF2: Authenticity to Professional Composition On a scale of 1 (poor) – 5 (excellent), how closely does the modulation resemble how a professional composer would approach modulation in a composed piece? Explanation: This refers to whether the modulation feels artistically intentional, stylistically appropriate, and consistent with compositional techniques used in pop music. | AG2: Comment: Please describe any aspects that contributed to the smoothness or roughness of the modulation, and if it feels unnatural or artificial, explain what factors contribute to this impression. | AH2: Smoothness and Tonal Coherence On a scale of 1 (poor) – 5 (excellent), how smooth and tonally coherent did the transition between keys sound? Explanation: A "smooth" modulation means the transition does not feel abrupt or disjointed but flows naturally between keys. "Tonal coherence" refers to the sense that the modulation maintains a consistent harmonic and melodic connection between the original and target keys. | AI2: Authenticity to Professional Composition On a scale of 1 (poor) – 5 (excellent), how closely does the modulation resemble how a professional composer would approach modulation in a composed piece? Explanation: This refers to whether the modulation feels artistically intentional, stylistically appropriate, and consistent with compositional techniques used in pop music. | AJ2: Comment: Please describe any aspects that contributed to the smoothness or roughness of the modulation, and if it feels unnatural or artificial, explain what factors contribute to this impression. | AK2: Smoothness and Tonal Coherence On a scale of 1 (poor) – 5 (excellent), how smooth and tonally coherent did the transition between keys sound? Explanation: A "smooth" modulation means the transition does not feel abrupt or disjointed but flows naturally between keys. "Tonal coherence" refers to the sense that the modulation maintains a consistent harmonic and melodic connection between the original and target keys. | AL2: Authenticity to Professional Composition On a scale of 1 (poor) – 5 (excellent), how closely does the modulation resemble how a professional composer would approach modulation in a composed piece? Explanation: This refers to whether the modulation feels artistically intentional, stylistically appropriate, and consistent with compositional techniques used in pop music. | AM2: Comment: Please describe any aspects that contributed to the smoothness or roughness of the modulation, and if it feels unnatural or artificial, explain what factors contribute to this impression. | AN2: Comparatively, between generated music example 1, 2, 3, 4 and 5, which modulation sounded WORSE? | AO2: Smoothness and Tonal Coherence On a scale of 1 (poor) – 5 (excellent), how smooth and tonally coherent did the transition between keys sound? Explanation: A "smooth" modulation means the transition does not feel abrupt or disjointed but flows naturally between keys. "Tonal coherence" refers to the sense that the modulation maintains a consistent harmonic and melodic connection between the original and target keys. | AP2: Authenticity to Professional Composition On a scale of 1 (poor) – 5 (excellent), how closely does the modulation resemble how a professional composer would approach modulation in a composed piece? Explanation: This refers to whether the modulation feels artistically intentional, stylistically appropriate, and consistent with compositional techniques used in pop music. | AQ2: Comment: Please describe any aspects that contributed to the smoothness or roughness of the modulation, and if it feels unnatural or artificial, explain what factors contribute to this impression.
A3: 6-9 | B3: 6-9 | C3: 6-9 | D3: Classical,Jazz,Country,Blues | E3: Musician,MIR Researcher | F3: 4 | G3: 4 | I3: 4 | J3: 4 | L3: 2 | M3: 2 | O3: 2 | P3: 2 | R3: 1 | S3: 1 | U3: Music Example 5 | V3: 3 | W3: 3 | Y3: 2 | Z3: 2 | AB3: 4 | AC3: 2 | AE3: 3 | AF3: 3 | AH3: 1 | AI3: 1 | AK3: 5 | AL3: 5 | AN3: Music Example 4 | AO3: 4 | AP3: 4
A4: 6-9 | B4: 2 | C4: 2 | D4: Classical,Jazz | E4: Composer,MIR Researcher | F4: 5 | G4: 5 | I4: 5 | J4: 3 | L4: 5 | M4: 5 | O4: 5 | P4: 4 | R4: 4 | S4: 3 | U4: Music Example 5 | V4: 4 | W4: 3 | X4: A little bit sudden | Y4: 5 | Z4: 4 | AB4: 4 | AC4: 3 | AE4: 5 | AF4: 5 | AH4: 3 | AI4: 2 | AJ4: Sounds a bit random | AK4: 4 | AL4: 5 | AN4: Music Example 4 | AO4: 3 | AP4: 4 | AQ4: There seems no transition or leading notes to D Major, then all of a sudden 0:31 into D Major. Texture seems ok
A5: 2 | B5: 10 or more | C5: 10 or more | D5: Classical,Jazz,Electronic,Pop | E5: MIR Researcher | F5: 5 | G5: 5 | I5: 3 | J5: 2 | L5: 5 | M5: 5 | O5: 3 | P5: 2 | R5: 2 | S5: 1 | U5: Music Example 5 | V5: 2 | W5: 1 | Y5: 5 | Z5: 4 | AB5: 3 | AC5: 3 | AE5: 5 | AF5: 3 | AH5: 3 | AI5: 2 | AK5: 5 | AL5: 5 | AN5: Music Example 4 | AO5: 4 | AP5: 2
A6: 10 or more | B6: 10 or more | C6: 10 or more | D6: Classical,Jazz | E6: Musician,Composer,Sound Engineer,Music Producer,MIR Researcher | F6: 4 | G6: 4 | H6: Very nice modulation | I6: 2 | J6: 2 | K6: The modulation itself seemed good untile it reached a strange modulation point with a chord out of tonality | L6: 4 | M6: 5 | N6: Very nice modulation with a good pivot chord | O6: 5 | P6: 5 | Q6: Very nice! | R6: 2 | S6: 2 | T6: Not very good modulation with an iterative note | U6: Music Example 2 | V6: 4 | W6: 4 | X6: Smooth | Y6: 4 | Z6: 5 | AA6: Nice and coherent | AB6: 3 | AC6: 3 | AD6: Linear, but very simple | AE6: 4 | AF6: 4 | AG6: Not bad! | AH6: 1 | AI6: 1 | AJ6: This modulation is very very bad | AK6: 4 | AL6: 4 | AM6: Smooth | AN6: Music Example 4 | AO6: 5 | AP6: 4 | AQ6: Smooth and simple

Sheet Survey E
A1: Q1_1 | B1: Q1_2 | C1: Q1_3 | D1: Q2 | E1: Q3 | F1: Q1 | G1: Q2 | H1: Q3 | I1: Q4 | J1: Q5 | K1: Q6 | L1: Q7 | M1: Q8 | N1: Q9 | O1: Q10 | P1: Q11 | Q1: Q12 | R1: Q13 | S1: Q14 | T1: Q15 | U1: Q16 | V1: Q17 | W1: Q18 | X1: Q19 | Y1: Q20 | Z1: Q21 | AA1: Q22 | AB1: Q23 | AC1: Q24 | AD1: Q25 | AE1: Q26 | AF1: Q27 | AG1: Q28 | AH1: Q29 | AI1: Q30 | AJ1: Q31 | AK1: Q32 | AL1: Q33 | AM1: Q34 | AN1: Q35 | AO1: Q36 | AP1: Q37 | AQ1: Q38
A2: Please answer the following to help us assess your musical experience. - I engaged in regular, daily practice of a musical instrument (including voice) for 0 / 1 / 2 / 3 / 4-5 / 6-9 / 10 or more years | B2: Please answer the following to help us assess your musical experience. - I have had formal training in music theory for 0 / 1 / 2 / 3 / 4-5 / 6-9 / 10 or more years | C2: Please answer the following to help us assess your musical experience. - I have had 0 / 1 / 2 / 3 / 4-5 / 6-9 / 10 or more years of formal training on a musical instrument (including voice) during my lifetime | D2: What is your favourite music genre? You can select multiple. | E2: Are you a music industry professional? You can select multiple. | F2: Smoothness and Tonal Coherence On a scale of 1 (poor) – 5 (excellent), how smooth and tonally coherent did the transition between keys sound? Explanation: A "smooth" modulation means the transition does not feel abrupt or disjointed but flows naturally between keys. "Tonal coherence" refers to the sense that the modulation maintains a consistent harmonic and melodic connection between the original and target keys. | G2: Authenticity to Professional Composition On a scale of 1 (poor) – 5 (excellent), how closely does the modulation resemble how a professional composer would approach modulation in a composed piece? Explanation: This refers to whether the modulation feels artistically intentional, stylistically appropriate, and consistent with compositional techniques used in pop music. | H2: Comment: Please describe any aspects that contributed to the smoothness or roughness of the modulation, and if it feels unnatural or artificial, explain what factors contribute to this impression. | I2: Smoothness and Tonal Coherence On a scale of 1 (poor) – 5 (excellent), how smooth and tonally coherent did the transition between keys sound? Explanation: A "smooth" modulation means the transition does not feel abrupt or disjointed but flows naturally between keys. "Tonal coherence" refers to the sense that the modulation maintains a consistent harmonic and melodic connection between the original and target keys. | J2: Authenticity to Professional Composition On a scale of 1 (poor) – 5 (excellent), how closely does the modulation resemble how a professional composer would approach modulation in a composed piece? Explanation: This refers to whether the modulation feels artistically intentional, stylistically appropriate, and consistent with compositional techniques used in pop music. | K2: Comment: Please describe any aspects that contributed to the smoothness or roughness of the modulation, and if it feels unnatural or artificial, explain what factors contribute to this impression. | L2: Smoothness and Tonal Coherence On a scale of 1 (poor) – 5 (excellent), how smooth and tonally coherent did the transition between keys sound? Explanation: A "smooth" modulation means the transition does not feel abrupt or disjointed but flows naturally between keys. "Tonal coherence" refers to the sense that the modulation maintains a consistent harmonic and melodic connection between the original and target keys. | M2: Authenticity to Professional Composition On a scale of 1 (poor) – 5 (excellent), how closely does the modulation resemble how a professional composer would approach modulation in a composed piece? Explanation: This refers to whether the modulation feels artistically intentional, stylistically appropriate, and consistent with compositional techniques used in pop music. | N2: Comment: Please describe any aspects that contributed to the smoothness or roughness of the modulation, and if it feels unnatural or artificial, explain what factors contribute to this impression. | O2: Smoothness and Tonal Coherence On a scale of 1 (poor) – 5 (excellent), how smooth and tonally coherent did the transition between keys sound? Explanation: A "smooth" modulation means the transition does not feel abrupt or disjointed but flows naturally between keys. "Tonal coherence" refers to the sense that the modulation maintains a consistent harmonic and melodic connection between the original and target keys. | P2: Authenticity to Professional Composition On a scale of 1 (poor) – 5 (excellent), how closely does the modulation resemble how a professional composer would approach modulation in a composed piece? Explanation: This refers to whether the modulation feels artistically intentional, stylistically appropriate, and consistent with compositional techniques used in pop music. | Q2: Comment: Please describe any aspects that contributed to the smoothness or roughness of the modulation, and if it feels unnatural or artificial, explain what factors contribute to this impression. | R2: Smoothness and Tonal Coherence On a scale of 1 (poor) – 5 (excellent), how smooth and tonally coherent did the transition between keys sound? Explanation: A "smooth" modulation means the transition does not feel abrupt or disjointed but flows naturally between keys. "Tonal coherence" refers to the sense that the modulation maintains a consistent harmonic and melodic connection between the original and target keys. | S2: Authenticity to Professional Composition On a scale of 1 (poor) – 5 (excellent), how closely does the modulation resemble how a professional composer would approach modulation in a composed piece? Explanation: This refers to whether the modulation feels artistically intentional, stylistically appropriate, and consistent with compositional techniques used in pop music. | T2: Comment: Please describe any aspects that contributed to the smoothness or roughness of the modulation, and if it feels unnatural or artificial, explain what factors contribute to this impression. | U2: Comparatively, between generated music example 1, 2, 3, 4 and 5, which modulation sounded WORSE? | V2: Smoothness and Tonal Coherence On a scale of 1 (poor) – 5 (excellent), how smooth and tonally coherent did the transition between keys sound? Explanation: A "smooth" modulation means the transition does not feel abrupt or disjointed but flows naturally between keys. "Tonal coherence" refers to the sense that the modulation maintains a consistent harmonic and melodic connection between the original and target keys. | W2: Authenticity to Professional Composition On a scale of 1 (poor) – 5 (excellent), how closely does the modulation resemble how a professional composer would approach modulation in a composed piece? Explanation: This refers to whether the modulation feels artistically intentional, stylistically appropriate, and consistent with compositional techniques used in pop music. | X2: Comment: Please describe any aspects that contributed to the smoothness or roughness of the modulation, and if it feels unnatural or artificial, explain what factors contribute to this impression. | Y2: Smoothness and Tonal Coherence On a scale of 1 (poor) – 5 (excellent), how smooth and tonally coherent did the transition between keys sound? Explanation: A "smooth" modulation means the transition does not feel abrupt or disjointed but flows naturally between keys. "Tonal coherence" refers to the sense that the modulation maintains a consistent harmonic and melodic connection between the original and target keys. | Z2: Authenticity to Professional Composition On a scale of 1 (poor) – 5 (excellent), how closely does the modulation resemble how a professional composer would approach modulation in a composed piece? Explanation: This refers to whether the modulation feels artistically intentional, stylistically appropriate, and consistent with compositional techniques used in pop music. | AA2: Comment: Please describe any aspects that contributed to the smoothness or roughness of the modulation, and if it feels unnatural or artificial, explain what factors contribute to this impression. | AB2: Smoothness and Tonal Coherence On a scale of 1 (poor) – 5 (excellent), how smooth and tonally coherent did the transition between keys sound? Explanation: A "smooth" modulation means the transition does not feel abrupt or disjointed but flows naturally between keys. "Tonal coherence" refers to the sense that the modulation maintains a consistent harmonic and melodic connection between the original and target keys. | AC2: Authenticity to Professional Composition On a scale of 1 (poor) – 5 (excellent), how closely does the modulation resemble how a professional composer would approach modulation in a composed piece? Explanation: This refers to whether the modulation feels artistically intentional, stylistically appropriate, and consistent with compositional techniques used in pop music. | AD2: Comment: Please describe any aspects that contributed to the smoothness or roughness of the modulation, and if it feels unnatural or artificial, explain what factors contribute to this impression. | AE2: Smoothness and Tonal Coherence On a scale of 1 (poor) – 5 (excellent), how smooth and tonally coherent did the transition between keys sound? Explanation: A "smooth" modulation means the transition does not feel abrupt or disjointed but flows naturally between keys. "Tonal coherence" refers to the sense that the modulation maintains a consistent harmonic and melodic connection between the original and target keys. | AF2: Authenticity to Professional Composition On a scale of 1 (poor) – 5 (excellent), how closely does the modulation resemble how a professional composer would approach modulation in a composed piece? Explanation: This refers to whether the modulation feels artistically intentional, stylistically appropriate, and consistent with compositional techniques used in pop music. | AG2: Comment: Please describe any aspects that contributed to the smoothness or roughness of the modulation, and if it feels unnatural or artificial, explain what factors contribute to this impression. | AH2: Smoothness and Tonal Coherence On a scale of 1 (poor) – 5 (excellent), how smooth and tonally coherent did the transition between keys sound? Explanation: A "smooth" modulation means the transition does not feel abrupt or disjointed but flows naturally between keys. "Tonal coherence" refers to the sense that the modulation maintains a consistent harmonic and melodic connection between the original and target keys. | AI2: Authenticity to Professional Composition On a scale of 1 (poor) – 5 (excellent), how closely does the modulation resemble how a professional composer would approach modulation in a composed piece? Explanation: This refers to whether the modulation feels artistically intentional, stylistically appropriate, and consistent with compositional techniques used in pop music. | AJ2: Comment: Please describe any aspects that contributed to the smoothness or roughness of the modulation, and if it feels unnatural or artificial, explain what factors contribute to this impression. | AK2: Smoothness and Tonal Coherence On a scale of 1 (poor) – 5 (excellent), how smooth and tonally coherent did the transition between keys sound? Explanation: A "smooth" modulation means the transition does not feel abrupt or disjointed but flows naturally between keys. "Tonal coherence" refers to the sense that the modulation maintains a consistent harmonic and melodic connection between the original and target keys. | AL2: Authenticity to Professional Composition On a scale of 1 (poor) – 5 (excellent), how closely does the modulation resemble how a professional composer would approach modulation in a composed piece? Explanation: This refers to whether the modulation feels artistically intentional, stylistically appropriate, and consistent with compositional techniques used in pop music. | AM2: Comment: Please describe any aspects that contributed to the smoothness or roughness of the modulation, and if it feels unnatural or artificial, explain what factors contribute to this impression. | AN2: Comparatively, between generated music example 1, 2, 3, 4 and 5, which modulation sounded WORSE? | AO2: Smoothness and Tonal Coherence On a scale of 1 (poor) – 5 (excellent), how smooth and tonally coherent did the transition between keys sound? Explanation: A "smooth" modulation means the transition does not feel abrupt or disjointed but flows naturally between keys. "Tonal coherence" refers to the sense that the modulation maintains a consistent harmonic and melodic connection between the original and target keys. | AP2: Authenticity to Professional Composition On a scale of 1 (poor) – 5 (excellent), how closely does the modulation resemble how a professional composer would approach modulation in a composed piece? Explanation: This refers to whether the modulation feels artistically intentional, stylistically appropriate, and consistent with compositional techniques used in pop music. | AQ2: Comment: Please describe any aspects that contributed to the smoothness or roughness of the modulation, and if it feels unnatural or artificial, explain what factors contribute to this impression.
A3: 6-9 | B3: 3 | C3: 4-5 | D3: Jazz,Country,Folk,Pop | F3: 3 | G3: 3 | H3: I think it sounds a bit rough in the way it repeats the chordsi | I3: 4 | J3: 3 | K3: It's pretty straightforward but I I like this one better | L3: 4 | M3: 4 | O3: 2 | P3: 3 | R3: 3 | S3: 3 | U3: Music Example 4 | V3: 4 | W3: 4 | Y3: 3 | Z3: 4 | AB3: 4 | AC3: 4 | AE3: 3 | AF3: 3 | AH3: 4 | AI3: 4 | AK3: 2 | AL3: 2 | AN3: Music Example 5 | AO3: 4 | AP3: 3
A4: 10 or more | B4: 10 or more | C4: 10 or more | D4: Classical,Jazz,Blues,Folk,R&B,Pop | E4: Musician | F4: 2 | G4: 3 | I4: 3 | J4: 4 | L4: 5 | M4: 5 | O4: 5 | P4: 4 | R4: 5 | S4: 5 | U4: Music Example 1 | V4: 4 | W4: 4 | Y4: 2 | Z4: 2 | AB4: 2 | AC4: 3 | AE4: 5 | AF4: 5 | AH4: 4 | AI4: 4 | AK4: 3 | AL4: 3 | AN4: Music Example 1 | AO4: 3 | AP4: 3
A5: 6-9 | B5: 0 | C5: 6-9 | D5: R&B,Rock/Metal,Pop | E5: MIR Researcher | F5: 4 | G5: 5 | H5: The key change is supported by a smooth chord transition. | I5: 2 | J5: 1 | L5: 1 | M5: 1 | O5: 2 | P5: 1 | R5: 3 | S5: 2 | U5: Music Example 3 | V5: 4 | W5: 3 | Y5: 4 | Z5: 3 | AA5: The chord transition during key change is mostly coherent but stylistically it doesnot fit in pop music. | AB5: 5 | AC5: 5 | AE5: 2 | AF5: 1 | AH5: 5 | AI5: 5 | AK5: 4 | AL5: 4 | AN5: Music Example 3 | AO5: 3 | AP5: 2
A6: 10 or more | B6: 10 or more | C6: 10 or more | D6: Classical,Jazz | E6: Musician,Composer,Sound Engineer | F6: 2 | G6: 2 | H6: The choice of chords is not right and not smooth | I6: 3 | J6: 3 | K6: not bad | L6: 3 | M6: 3 | N6: Not the best possible, it has some chords that are not well connected | O6: 1 | P6: 1 | Q6: Something bad happened in the modulation with a part very different from the rest | R6: 4 | S6: 4 | T6: Not bad | U6: Music Example 4 | V6: 1 | W6: 1 | X6: The change of tempo is not right and the notes are not very good | Y6: 2 | Z6: 2 | AA6: Not very good modulation | AB6: 3 | AC6: 3 | AD6: The tempo and melody are not bad, but the choice of the last chords are not very good | AE6: 3 | AF6: 3 | AG6: Good | AH6: 3 | AI6: 3 | AJ6: Too much sudden | AK6: 4 | AL6: 3 | AM6: Cool | AN6: Music Example 1 | AO6: 4 | AP6: 4 | AQ6: Not bad

Sheet Aggregated
A1: Example | B1: Type | C1: Smoothness and Tonal Coherence | D1: Authenticity to Professional Composition | E1: Participants | F1: Worst_Count | G1: Avg Smooth | H1: Avg Auth | I1: Target_Bad | J1: Target_Good | K1: chord_boundary_dist_s1_s2 | L1: chord_boundary_dist_s2_s3 | M1: cloud_boundary_dist_s1_s2 | N1: cloud_boundary_dist_s2_s3 | O1: semitone_clashes | P1: nondiatonic_rate | Q1: chord_transition_rate | R1: harmonic_entropy | S1: cloud_momentum | T1: chord_momentum | U1: progression_likelihood | V1: voice_leading_smoothness | W1: has_pivot_chord | X1: harmonic_dist_s1_s2 | Y1: harmonic_dist_s2_s3 | Z1: groove_wass_s1_s2 | AA1: groove_wass_s2_s3 | AB1: embedding_sim_s1_s2 | AC1: embedding_sim_s2_s3 | AD1: embedding_sim_s1_s3
A2: 1 | B2: Human | C2: {=SUM(VALUE('Survey A'!F3:F7))} -> 16 | D2: {=SUM(VALUE('Survey A'!G3:G7))} -> 15 | E2: =COUNT('Survey A'!F:F) -> 5 | F2: 0 | G2: =C2/E2 -> 3.2 | H2: =D2/E2 -> 3 | I2: =IF(AVERAGE(G2:H2)<=2.75, 1, 0) -> 0 | J2: =IF(AVERAGE(G2:H2)>=3.25, 1, 0) -> 0 | K2: 0.8254 | L2: 0 | M2: 0.786 | N2: 0.634 | O2: 0 | P2: 0.6916 | Q2: 1 | R2: 2.4308 | S2: 0.7927 | T2: 1.1911 | U2: -4.49 | V2: 4.1655 | W2: 0 | X2: 0.6875 | Y2: 0.654 | Z2: 0.0959 | AA2: 0.0861 | AB2: 0.8804 | AC2: 0.8963 | AD2: 0.9393
A3: 1 | B3: Normal | C3: {=SUM(VALUE('Survey A'!I3:I7))} -> 13 | D3: {=SUM(VALUE('Survey A'!J3:J7))} -> 15 | E3: =COUNT('Survey A'!F:F) -> 5 | F3: 0 | G3: =C3/E3 -> 2.6 | H3: =D3/E3 -> 3 | I3: =IF(AVERAGE(G3:H3)<=2.75, 1, 0) -> 0 | J3: =IF(AVERAGE(G3:H3)>=3.25, 1, 0) -> 0 | K3: 1.5392 | L3: 0 | M3: 0.5276 | N3: 0.7036 | O3: 0 | P3: 0.0571 | Q3: 0.8571 | R3: 1.9062 | S3: 0.8746 | T3: 0.6492 | U3: -5.0276 | V3: 3.4643 | W3: 0 | X3: 0.3571 | Y3: 0.7783 | Z3: 0.0921 | AA3: 0.1027 | AB3: 0.8658 | AC3: 0.887 | AD3: 0.9138
A4: 1 | B4: Chords | C4: {=SUM(VALUE('Survey A'!L3:L7))} -> 11 | D4: {=SUM(VALUE('Survey A'!M3:M7))} -> 8 | E4: =COUNT('Survey A'!F:F) -> 5 | F4: 1 | G4: =C4/E4 -> 2.2 | H4: =D4/E4 -> 1.6 | I4: =IF(AVERAGE(G4:H4)<=2.75, 1, 0) -> 1 | J4: =IF(AVERAGE(G4:H4)>=3.25, 1, 0) -> 0 | K4: 0.9888 | L4: 0 | M4: 0.8333 | N4: 0.6178 | O4: 0 | P4: 0.2 | Q4: 0.7143 | R4: 1.5596 | S4: 1.0853 | T4: 0.4105 | U4: -5.4239 | V4: 4.7857 | W4: 0 | X4: 0.8675 | Y4: 0.5094 | Z4: 0.0551 | AA4: 0.0457 | AB4: 0.8458 | AC4: 0.8897 | AD4: 0.9041
A5: 1 | B5: Bad | C5: {=SUM(VALUE('Survey A'!O3:O7))} -> 7 | D5: {=SUM(VALUE('Survey A'!P3:P7))} -> 6 | E5: =COUNT('Survey A'!F:F) -> 5 | F5: 4 | G5: =C5/E5 -> 1.4 | H5: =D5/E5 -> 1.2 | I5: =IF(AVERAGE(G5:H5)<=2.75, 1, 0) -> 1 | J5: =IF(AVERAGE(G5:H5)>=3.25, 1, 0) -> 0 | K5: 0.426 | L5: 0 | M5: 0.3149 | N5: 0.184 | O5: 1 | P5: 0.1633 | Q5: 0.8182 | R5: 1.6164 | S5: 0.8967 | T5: 2.5705 | U5: -5.0995 | V5: 2.9737 | W5: 1 | X5: 0.5937 | Y5: 0.5719 | Z5: 0.0625 | AA5: 0.0515 | AB5: 0.7442 | AC5: 0.8037 | AD5: 0.904
A6: 1 | B6: LLM | C6: {=SUM(VALUE('Survey A'!R3:R7))} -> 14 | D6: {=SUM(VALUE('Survey A'!S3:S7))} -> 12 | E6: =COUNT('Survey A'!F:F) -> 5 | F6: 0 | G6: =C6/E6 -> 2.8 | H6: =D6/E6 -> 2.4 | I6: =IF(AVERAGE(G6:H6)<=2.75, 1, 0) -> 1 | J6: =IF(AVERAGE(G6:H6)>=3.25, 1, 0) -> 0 | K6: 0.4869 | L6: 0 | M6: 0.5662 | N6: 0.5263 | O6: 0 | P6: 0.45 | Q6: 0.6 | R6: 1.3297 | S6: 0.8232 | T6: 0.2381 | U6: -6.3756 | V6: 3.01 | W6: 0 | X6: 0.5912 | Y6: 0.6671 | Z6: 0.0565 | AA6: 0.054 | AB6: 0.8451 | AC6: 0.8615 | AD6: 0.9142
A7: 1 | B7: AMT | C7: {=SUM(VALUE('Survey A'!V3:V7))} -> 15 | D7: {=SUM(VALUE('Survey A'!W3:W7))} -> 15 | E7: =COUNT('Survey A'!F:F) -> 5 | F7: NA | G7: =C7/E7 -> 3 | H7: =D7/E7 -> 3 | I7: =IF(AVERAGE(G7:H7)<=2.75, 1, 0) -> 0 | J7: =IF(AVERAGE(G7:H7)>=3.25, 1, 0) -> 0 | K7: 1.0164 | L7: 0 | M7: 0.6951 | N7: 0.294 | O7: 0 | P7: 0.0706 | Q7: 1 | R7: 2.2719 | S7: 1.4287 | T7: 1.5992 | U7: -5.5625 | V7: 4.9867 | W7: 0 | X7: 0.3968 | Y7: 0.8399 | Z7: 0.0619 | AA7: 0.0585 | AB7: 0.9049 | AC7: 0.9325 | AD7: 0.8589
A8: 2 | B8: Human | C8: {=SUM(VALUE('Survey A'!AK3:AK7))} -> 21 | D8: {=SUM(VALUE('Survey A'!AL3:AL7))} -> 23 | E8: =COUNT('Survey A'!F:F) -> 5 | F8: 0 | G8: =C8/E8 -> 4.2 | H8: =D8/E8 -> 4.6 | I8: =IF(AVERAGE(G8:H8)<=2.75, 1, 0) -> 0 | J8: =IF(AVERAGE(G8:H8)>=3.25, 1, 0) -> 1 | K8: 0.5303 | L8: 1.0645 | M8: 0.5496 | N8: 1.104 | O8: 0 | P8: 0.3529 | Q8: 0.5556 | R8: 1.6094 | S8: 1.1516 | T8: 0.5273 | U8: -4.9324 | V8: 1.5214 | W8: 0 | X8: 0.5542 | Y8: 0.6224 | Z8: 0.1557 | AA8: 0.0504 | AB8: 0.8245 | AC8: 0.7151 | AD8: 0.8454
A9: 2 | B9: Normal | C9: {=SUM(VALUE('Survey A'!AB3:AB7))} -> 19 | D9: {=SUM(VALUE('Survey A'!AC3:AC7))} -> 17 | E9: =COUNT('Survey A'!F:F) -> 5 | F9: 1 | G9: =C9/E9 -> 3.8 | H9: =D9/E9 -> 3.4 | I9: =IF(AVERAGE(G9:H9)<=2.75, 1, 0) -> 0 | J9: =IF(AVERAGE(G9:H9)>=3.25, 1, 0) -> 1 | K9: 0.3651 | L9: 1.2449 | M9: 0.7834 | N9: 0.4538 | O9: 0 | P9: 0.5738 | Q9: 1 | R9: 2.164 | S9: 1.1619 | T9: 1.0684 | U9: -6.2597 | V9: 3.8519 | W9: 1 | X9: 0.5586 | Y9: 0.1884 | Z9: 0.1176 | AA9: 0.099 | AB9: 0.8759 | AC9: 0.8459 | AD9: 0.8749
A10: 2 | B10: Chords | C10: {=SUM(VALUE('Survey A'!AE3:AE7))} -> 23 | D10: {=SUM(VALUE('Survey A'!AF3:AF7))} -> 24 | E10: =COUNT('Survey A'!F:F) -> 5 | F10: 0 | G10: =C10/E10 -> 4.6 | H10: =D10/E10 -> 4.8 | I10: =IF(AVERAGE(G10:H10)<=2.75, 1, 0) -> 0 | J10: =IF(AVERAGE(G10:H10)>=3.25, 1, 0) -> 1 | K10: 0.6776 | L10: 1.3973 | M10: 0.8608 | N10: 1.5204 | O10: 0 | P10: 0.5694 | Q10: 0.9 | R10: 2.1458 | S10: 0.6737 | T10: 0.7492 | U10: -6.9315 | V10: 2.1283 | W10: 0 | X10: 0.7777 | Y10: 0.4795 | Z10: 0.1559 | AA10: 0.0555 | AB10: 0.8833 | AC10: 0.7892 | AD10: 0.8776
A11: 2 | B11: Bad | C11: {=SUM(VALUE('Survey A'!AH3:AH7))} -> 10 | D11: {=SUM(VALUE('Survey A'!AI3:AI7))} -> 12 | E11: =COUNT('Survey A'!F:F) -> 5 | F11: 3 | G11: =C11/E11 -> 2 | H11: =D11/E11 -> 2.4 | I11: =IF(AVERAGE(G11:H11)<=2.75, 1, 0) -> 1 | J11: =IF(AVERAGE(G11:H11)>=3.25, 1, 0) -> 0 | K11: 0.9128 | L11: 0.6666 | M11: 0.6489 | N11: 0.9361 | O11: 1 | P11: 0.5604 | Q11: 0.4615 | R11: 0.8953 | S11: 0.598 | T11: 0.4773 | U11: -7.4286 | V11: 0.6833 | W11: 0 | X11: 0.7376 | Y11: 0.3256 | Z11: 0.0277 | AA11: 0.1521 | AB11: 0.7197 | AC11: 0.6359 | AD11: 0.8601
A12: 2 | B12: LLM | C12: {=SUM(VALUE('Survey A'!Y3:Y7))} -> 17 | D12: {=SUM(VALUE('Survey A'!Z3:Z7))} -> 19 | E12: =COUNT('Survey A'!F:F) -> 5 | F12: 1 | G12: =C12/E12 -> 3.4 | H12: =D12/E12 -> 3.8 | I12: =IF(AVERAGE(G12:H12)<=2.75, 1, 0) -> 0 | J12: =IF(AVERAGE(G12:H12)>=3.25, 1, 0) -> 1 | K12: 0.5303 | L12: 0.5434 | M12: 0.6364 | N12: 0.8943 | O12: 0 | P12: 0.4576 | Q12: 1 | R12: 1.9459 | S12: 0.8088 | T12: 0.48 | U12: -7.8322 | V12: 2.9417 | W12: 0 | X12: 0.5662 | Y12: 0.2979 | Z12: 0.1191 | AA12: 0.083 | AB12: 0.7548 | AC12: 0.6386 | AD12: 0.8771
A13: 2 | B13: AMT | C13: {=SUM(VALUE('Survey A'!AO3:AO7))} -> 16 | D13: {=SUM(VALUE('Survey A'!AP3:AP7))} -> 13 | E13: =COUNT('Survey A'!F:F) -> 5 | F13: NA | G13: =C13/E13 -> 3.2 | H13: =D13/E13 -> 2.6 | I13: =IF(AVERAGE(G13:H13)<=2.75, 1, 0) -> 0 | J13: =IF(AVERAGE(G13:H13)>=3.25, 1, 0) -> 0 | K13: 1.4078 | L13: 0.8366 | M13: 0.5441 | N13: 1.3906 | O13: 0 | P13: 0.3188 | Q13: 1 | R13: 2.4849 | S13: 0.8058 | T13: 0.8845 | U13: -5.6353 | V13: 1.8909 | W13: 1 | X13: 0.5291 | Y13: 0.6988 | Z13: 0.1369 | AA13: 0.0486 | AB13: 0.8793 | AC13: 0.9229 | AD13: 0.9252
A14: 3 | B14: Human | C14: {=SUM(VALUE('Survey B'!F$3:F$100))} -> 12 | D14: {=SUM(VALUE('Survey B'!G$3:G$100))} -> 18 | E14: =COUNTA('Survey B'!$F$3:$F$100) -> 5 | F14: 1 | G14: =C14/E14 -> 2.4 | H14: =D14/E14 -> 3.6 | I14: =IF(AVERAGE(G14:H14)<=2.75, 1, 0) -> 0 | J14: =IF(AVERAGE(G14:H14)>=3.25, 1, 0) -> 0 | K14: 0.4869 | L14: 1.4194 | M14: 0.2665 | N14: 0.8032 | O14: 1 | P14: 0.439 | Q14: 0.7333 | R14: 2.3933 | S14: 0.8712 | T14: 1.0828 | U14: -4.679 | V14: 4.3778 | W14: 0 | X14: 0.9607 | Y14: 1.0413 | Z14: 0.0122 | AA14: 0.0476 | AB14: 0.8662 | AC14: 0.8825 | AD14: 0.8822
A15: 3 | B15: Normal | C15: {=SUM(VALUE('Survey B'!I$3:I$100))} -> 17 | D15: {=SUM(VALUE('Survey B'!J$3:J$100))} -> 20 | E15: =COUNTA('Survey B'!$F$3:$F$100) -> 5 | F15: 0 | G15: =C15/E15 -> 3.4 | H15: =D15/E15 -> 4 | I15: =IF(AVERAGE(G15:H15)<=2.75, 1, 0) -> 0 | J15: =IF(AVERAGE(G15:H15)>=3.25, 1, 0) -> 1 | K15: 0.4867 | L15: 0.3848 | M15: 1.0565 | N15: 0.7516 | O15: 0 | P15: 0.3721 | Q15: 0.5333 | R15: 1.7541 | S15: 0.5988 | T15: 0.8083 | U15: -4.2099 | V15: 2.4643 | W15: 1 | X15: 1.1864 | Y15: 1.0999 | Z15: 0.0216 | AA15: 0.0584 | AB15: 0.8576 | AC15: 0.8561 | AD15: 0.8622
A16: 3 | B16: Chords | C16: {=SUM(VALUE('Survey B'!L$3:L$100))} -> 8 | D16: {=SUM(VALUE('Survey B'!M$3:M$100))} -> 8 | E16: =COUNTA('Survey B'!$F$3:$F$100) -> 5 | F16: 3 | G16: =C16/E16 -> 1.6 | H16: =D16/E16 -> 1.6 | I16: =IF(AVERAGE(G16:H16)<=2.75, 1, 0) -> 1 | J16: =IF(AVERAGE(G16:H16)>=3.25, 1, 0) -> 0 | K16: 1.9007 | L16: 1.045 | M16: 1.1892 | N16: 0.5762 | O16: 0 | P16: 0.5738 | Q16: 1 | R16: 1.0986 | S16: 0.5079 | T16: 0.1433 | U16: -5.6592 | V16: 1.375 | W16: 0 | X16: 1.3218 | Y16: 0.6032 | Z16: 0.1114 | AA16: 0.076 | AB16: 0.5655 | AC16: 0.64 | AD16: 0.8634
A17: 3 | B17: Bad | C17: {=SUM(VALUE('Survey B'!O$3:O$100))} -> 13 | D17: {=SUM(VALUE('Survey B'!P$3:P$100))} -> 11 | E17: =COUNTA('Survey B'!$F$3:$F$100) -> 5 | F17: 1 | G17: =C17/E17 -> 2.6 | H17: =D17/E17 -> 2.2 | I17: =IF(AVERAGE(G17:H17)<=2.75, 1, 0) -> 1 | J17: =IF(AVERAGE(G17:H17)>=3.25, 1, 0) -> 0 | K17: 0.9734 | L17: 0.9209 | M17: 0.6909 | N17: 1.578 | O17: 0 | P17: 0.1714 | Q17: 0.95 | R17: 2.5326 | S17: 0.62 | T17: 1.633 | U17: -5.1369 | V17: 2.8467 | W17: 0 | X17: 0.6946 | Y17: 1.5148 | Z17: 0.0105 | AA17: 0.0469 | AB17: 0.8169 | AC17: 0.8917 | AD17: 0.8629
A18: 3 | B18: LLM | C18: {=SUM(VALUE('Survey B'!R$3:R100))} -> 12 | D18: {=SUM(VALUE('Survey B'!S$3:S100))} -> 17 | E18: =COUNTA('Survey B'!$F$3:$F$100) -> 5 | F18: 0 | G18: =C18/E18 -> 2.4 | H18: =D18/E18 -> 3.4 | I18: =IF(AVERAGE(G18:H18)<=2.75, 1, 0) -> 0 | J18: =IF(AVERAGE(G18:H18)>=3.25, 1, 0) -> 0 | K18: 1.1155 | L18: 0.5408 | M18: 0.6168 | N18: 0.4788 | O18: 0 | P18: 0.3953 | Q18: 1 | R18: 1.9062 | S18: 0.7446 | T18: 0.7067 | U18: -4.2585 | V18: 6.6548 | W18: 0 | X18: 0.9365 | Y18: 1.0119 | Z18: 0.0353 | AA18: 0.0099 | AB18: 0.8671 | AC18: 0.8672 | AD18: 0.8736
A19: 3 | B19: AMT | C19: {=SUM(VALUE('Survey B'!V$3:V$100))} -> 10 | D19: {=SUM(VALUE('Survey B'!W$3:W$100))} -> 10 | E19: =COUNTA('Survey B'!$F$3:$F$100) -> 5 | F19: NA | G19: =C19/E19 -> 2 | H19: =D19/E19 -> 2 | I19: =IF(AVERAGE(G19:H19)<=2.75, 1, 0) -> 1 | J19: =IF(AVERAGE(G19:H19)>=3.25, 1, 0) -> 0 | K19: 0.5962 | L19: 0 | M19: 0.7454 | N19: 1.7676 | O19: 1 | P19: 0.0444 | Q19: 0.9333 | R19: 2.274 | S19: 0.7377 | T19: 1.2579 | U19: -4.258 | V19: 4.6633 | W19: 0 | X19: 0.5003 | Y19: 1.6851 | Z19: 0.0213 | AA19: 0.0581 | AB19: 0.8338 | AC19: 0.857 | AD19: 0.8303
A20: 4 | B20: Human | C20: {=SUM(VALUE('Survey B'!AK$3:AK$100))} -> 15 | D20: {=SUM(VALUE('Survey B'!AL$3:AL$100))} -> 17 | E20: =COUNTA('Survey B'!$F$3:$F$100) -> 5 | F20: 0 | G20: =C20/E20 -> 3 | H20: =D20/E20 -> 3.4 | I20: =IF(AVERAGE(G20:H20)<=2.75, 1, 0) -> 0 | J20: =IF(AVERAGE(G20:H20)>=3.25, 1, 0) -> 0 | K20: 1.7886 | L20: 1.1155 | M20: 0.137 | N20: 0.3462 | O20: 0 | P20: 0.2973 | Q20: 1 | R20: 2.5993 | S20: 0.7728 | T20: 1.5808 | U20: -3.7525 | V20: 3.2167 | W20: 1 | X20: 0.2892 | Y20: 0.3049 | Z20: 0.0514 | AA20: 0.0664 | AB20: 0.889 | AC20: 0.914 | AD20: 0.8691
A21: 4 | B21: Normal | C21: {=SUM(VALUE('Survey B'!AB$3:AB$100))} -> 12 | D21: {=SUM(VALUE('Survey B'!AC$3:AC$100))} -> 20 | E21: =COUNTA('Survey B'!$F$3:$F$100) -> 5 | F21: 0 | G21: =C21/E21 -> 2.4 | H21: =D21/E21 -> 4 | I21: =IF(AVERAGE(G21:H21)<=2.75, 1, 0) -> 0 | J21: =IF(AVERAGE(G21:H21)>=3.25, 1, 0) -> 0 | K21: 1.7886 | L21: 0.3848 | M21: 0.7287 | N21: 0.4791 | O21: 2 | P21: 0.3333 | Q21: 1 | R21: 2.2719 | S21: 1.2407 | T21: 1.1386 | U21: -4.1699 | V21: 4.6667 | W21: 1 | X21: 0.6261 | Y21: 0.1683 | Z21: 0.0445 | AA21: 0.0627 | AB21: 0.9051 | AC21: 0.9373 | AD21: 0.8656
A22: 4 | B22: Chords | C22: {=SUM(VALUE('Survey B'!AE$3:AE$100))} -> 11 | D22: {=SUM(VALUE('Survey B'!AF$3:AF$100))} -> 11 | E22: =COUNTA('Survey B'!$F$3:$F$100) -> 5 | F22: 0 | G22: =C22/E22 -> 2.2 | H22: =D22/E22 -> 2.2 | I22: =IF(AVERAGE(G22:H22)<=2.75, 1, 0) -> 1 | J22: =IF(AVERAGE(G22:H22)>=3.25, 1, 0) -> 0 | K22: 1.7886 | L22: 1.1155 | M22: 0.6613 | N22: 0.4597 | O22: 0 | P22: 0.2394 | Q22: 1 | R22: 2.6156 | S22: 1.2014 | T22: 1.621 | U22: -4.9696 | V22: 3.5762 | W22: 1 | X22: 0.2678 | Y22: 0.3482 | Z22: 0.0464 | AA22: 0.0654 | AB22: 0.936 | AC22: 0.8968 | AD22: 0.8659
A23: 4 | B23: Bad | C23: {=SUM(VALUE('Survey B'!AH$3:AH$100))} -> 9 | D23: {=SUM(VALUE('Survey B'!AI$3:AI$100))} -> 7 | E23: =COUNTA('Survey B'!$F$3:$F$100) -> 5 | F23: 3 | G23: =C23/E23 -> 1.8 | H23: =D23/E23 -> 1.4 | I23: =IF(AVERAGE(G23:H23)<=2.75, 1, 0) -> 1 | J23: =IF(AVERAGE(G23:H23)>=3.25, 1, 0) -> 0 | K23: 2.9658 | L23: 0.3848 | M23: 0.6461 | N23: 0.3716 | O23: 1 | P23: 0.1972 | Q23: 1 | R23: 2.3517 | S23: 0.8827 | T23: 1.3792 | U23: -6.526 | V23: 4.3931 | W23: 1 | X23: 0.5791 | Y23: 0.3944 | Z23: 0.0774 | AA23: 0.0353 | AB23: 0.8321 | AC23: 0.9077 | AD23: 0.8669
A24: 4 | B24: LLM | C24: {=SUM(VALUE('Survey B'!Y$3:Y$100))} -> 9 | D24: {=SUM(VALUE('Survey B'!Z$3:Z$100))} -> 10 | E24: =COUNTA('Survey B'!$F$3:$F$100) -> 5 | F24: 2 | G24: =C24/E24 -> 1.8 | H24: =D24/E24 -> 2 | I24: =IF(AVERAGE(G24:H24)<=2.75, 1, 0) -> 1 | J24: =IF(AVERAGE(G24:H24)>=3.25, 1, 0) -> 0 | K24: 1.7886 | L24: 1.0741 | M24: 0.7701 | N24: 0.3758 | O24: 0 | P24: 0.4627 | Q24: 0.9167 | R24: 2.3114 | S24: 0.6898 | T24: 1.3859 | U24: -5.4373 | V24: 5.3097 | W24: 1 | X24: 0.3179 | Y24: 0.274 | Z24: 0.0165 | AA24: 0.0924 | AB24: 0.9049 | AC24: 0.9233 | AD24: 0.8659
A25: 4 | B25: AMT | C25: {=SUM(VALUE('Survey B'!AO$3:AO$100))} -> 7 | D25: {=SUM(VALUE('Survey B'!AP$3:AP$100))} -> 6 | E25: =COUNTA('Survey B'!$F$3:$F$100) -> 5 | F25: NA | G25: =C25/E25 -> 1.4 | H25: =D25/E25 -> 1.2
A26: 5 | B26: Human | C26: {=SUM(VALUE('Survey C'!F$3:F$100))} -> 13 | D26: {=SUM(VALUE('Survey C'!G$3:G$100))} -> 14 | E26: =COUNTA('Survey C'!$F$3:$F$100) -> 5 | F26: 1 | G26: =C26/E26 -> 2.6 | H26: =D26/E26 -> 2.8 | I26: =IF(AVERAGE(G26:H26)<=2.75, 1, 0) -> 1 | J26: =IF(AVERAGE(G26:H26)>=3.25, 1, 0) -> 0 | K26: 2.0326 | L26: 1.5916 | M26: 0.6382 | N26: 0.3842 | O26: 0 | P26: 0.3214 | Q26: 1 | R26: 2.1972 | S26: 0.8736 | T26: 0.8349 | U26: -4.6174 | V26: 5.8438 | W26: 1 | X26: 0.7485 | Y26: 0.5839 | Z26: 0.0015 | AA26: 0.0001 | AB26: 0.9315 | AC26: 0.9344 | AD26: 0.9624
A27: 5 | B27: Normal | C27: {=SUM(VALUE('Survey C'!I$3:I$100))} -> 19 | D27: {=SUM(VALUE('Survey C'!J$3:J$100))} -> 18 | E27: =COUNTA('Survey C'!$F$3:$F$100) -> 5 | F27: 0 | G27: =C27/E27 -> 3.8 | H27: =D27/E27 -> 3.6 | I27: =IF(AVERAGE(G27:H27)<=2.75, 1, 0) -> 0 | J27: =IF(AVERAGE(G27:H27)>=3.25, 1, 0) -> 1 | K27: 0.8943 | L27: 1.0645 | M27: 0.2933 | N27: 0.591 | O27: 0 | P27: 0.2564 | Q27: 0.9 | R27: 2.1458 | S27: 0.7019 | T27: 1.33 | U27: -4.225 | V27: 3.9 | W27: 1 | X27: 0.4544 | Y27: 0.7255 | Z27: 0.0064 | AA27: 0.0078 | AB27: 0.9432 | AC27: 0.9389 | AD27: 0.9718
A28: 5 | B28: Chords | C28: {=SUM(VALUE('Survey C'!L$3:L$100))} -> 15 | D28: {=SUM(VALUE('Survey C'!M$3:M$100))} -> 15 | E28: =COUNTA('Survey C'!$F$3:$F$100) -> 5 | F28: 1 | G28: =C28/E28 -> 3 | H28: =D28/E28 -> 3 | I28: =IF(AVERAGE(G28:H28)<=2.75, 1, 0) -> 0 | J28: =IF(AVERAGE(G28:H28)>=3.25, 1, 0) -> 0 | K28: 1.1544 | L28: 1.46 | M28: 0.4143 | N28: 0.8011 | O28: 0 | P28: 0.1928 | Q28: 0.9286 | R28: 2.4308 | S28: 0.5302 | T28: 1.6341 | U28: -4.6471 | V28: 4.8214 | W28: 1 | X28: 0.5064 | Y28: 0.8736 | Z28: 0.0017 | AA28: 0.0003 | AB28: 0.9523 | AC28: 0.9386 | AD28: 0.9708
A29: 5 | B29: Bad | C29: {=SUM(VALUE('Survey C'!O$3:O$100))} -> 14 | D29: {=SUM(VALUE('Survey C'!P$3:P$100))} -> 13 | E29: =COUNTA('Survey C'!$F$3:$F$100) -> 5 | F29: 2 | G29: =C29/E29 -> 2.8 | H29: =D29/E29 -> 2.6 | I29: =IF(AVERAGE(G29:H29)<=2.75, 1, 0) -> 1 | J29: =IF(AVERAGE(G29:H29)>=3.25, 1, 0) -> 0 | K29: 1.0645 | L29: 1.0645 | M29: 0.3492 | N29: 0.5775 | O29: 0 | P29: 0.2632 | Q29: 1 | R29: 1.0986 | S29: 0.7448 | T29: 0.2525 | U29: -4.9428 | V29: 10.3333 | W29: 1 | X29: 0.4724 | Y29: 0.7052 | Z29: 0.0659 | AA29: 0.0657 | AB29: 0.5835 | AC29: 0.5577 | AD29: 0.9696
A30: 5 | B30: LLM | C30: {=SUM(VALUE('Survey C'!R$3:R112))} -> 18 | D30: {=SUM(VALUE('Survey C'!S$3:S112))} -> 19 | E30: =COUNTA('Survey C'!$F$3:$F$100) -> 5 | F30: 1 | G30: =C30/E30 -> 3.6 | H30: =D30/E30 -> 3.8 | I30: =IF(AVERAGE(G30:H30)<=2.75, 1, 0) -> 0 | J30: =IF(AVERAGE(G30:H30)>=3.25, 1, 0) -> 1 | K30: 2.081 | L30: 0.5577 | M30: 0.6285 | N30: 0.6959 | O30: 0 | P30: 0.2353 | Q30: 1 | R30: 1.6094 | S30: 0.5646 | T30: 0.4092 | U30: -5.8922 | V30: 2.125 | W30: 0 | X30: 0.4512 | Y30: 0.8321 | Z30: 0.0027 | AA30: 0.0041 | AB30: 0.903 | AC30: 0.8752 | AD30: 0.9702
A31: 5 | B31: AMT | C31: {=SUM(VALUE('Survey C'!V$3:V$100))} -> 14 | D31: {=SUM(VALUE('Survey C'!W$3:W$100))} -> 14 | E31: =COUNTA('Survey C'!$F$3:$F$100) -> 5 | F31: NA | G31: =C31/E31 -> 2.8 | H31: =D31/E31 -> 2.8 | I31: =IF(AVERAGE(G31:H31)<=2.75, 1, 0) -> 0 | J31: =IF(AVERAGE(G31:H31)>=3.25, 1, 0) -> 0 | K31: 1.7678 | L31: 1.1801 | M31: 0.1869 | N31: 0.955 | O31: 0 | P31: 0.1364 | Q31: 0.8 | R31: 1.7987 | S31: 1.0027 | T31: 1.2921 | U31: -6.1244 | V31: 5.7833 | W31: 0 | X31: 0.3478 | Y31: 0.8327 | Z31: 0.0063 | AA31: 0.009 | AB31: 0.914 | AC31: 0.9691 | AD31: 0.9352
A32: 6 | B32: Human | C32: {=SUM(VALUE('Survey C'!AK$3:AK$100))} -> 9 | D32: {=SUM(VALUE('Survey C'!AL$3:AL$100))} -> 12 | E32: =COUNTA('Survey C'!$F$3:$F$100) -> 5 | F32: 2 | G32: =C32/E32 -> 1.8 | H32: =D32/E32 -> 2.4 | I32: =IF(AVERAGE(G32:H32)<=2.75, 1, 0) -> 1 | J32: =IF(AVERAGE(G32:H32)>=3.25, 1, 0) -> 0 | K32: 1.924 | L32: 1.5916 | M32: 1.0528 | N32: 0.3386 | O32: 1 | P32: 0.5043 | Q32: 1 | R32: 2.9785 | S32: 0.8457 | T32: 2.3182 | U32: -4.0272 | V32: 5.6125 | W32: 0 | X32: 0.9266 | Y32: 0.263 | Z32: 0.093 | AA32: 0.0859 | AB32: 0.8825 | AC32: 0.9182 | AD32: 0.9248
A33: 6 | B33: Normal | C33: {=SUM(VALUE('Survey C'!AB$3:AB$100))} -> 10 | D33: {=SUM(VALUE('Survey C'!AC$3:AC$100))} -> 10 | E33: =COUNTA('Survey C'!$F$3:$F$100) -> 5 | F33: 2 | G33: =C33/E33 -> 2 | H33: =D33/E33 -> 2 | I33: =IF(AVERAGE(G33:H33)<=2.75, 1, 0) -> 1 | J33: =IF(AVERAGE(G33:H33)>=3.25, 1, 0) -> 0 | K33: 0 | L33: 1.9011 | M33: 1.3279 | N33: 0.2971 | O33: 0 | P33: 0.7303 | Q33: 1 | R33: 2.342 | S33: 0.7611 | T33: 1.1443 | U33: -4.0257 | V33: 3.7231 | W33: 0 | X33: 1.2287 | Y33: 0.3542 | Z33: 0.0052 | AA33: 0.0134 | AB33: 0.8974 | AC33: 0.921 | AD33: 0.9147
A34: 6 | B34: Chords | C34: {=SUM(VALUE('Survey C'!AE$3:AE$100))} -> 20 | D34: {=SUM(VALUE('Survey C'!AF$3:AF$100))} -> 19 | E34: =COUNTA('Survey C'!$F$3:$F$100) -> 5 | F34: 0 | G34: =C34/E34 -> 4 | H34: =D34/E34 -> 3.8 | I34: =IF(AVERAGE(G34:H34)<=2.75, 1, 0) -> 0 | J34: =IF(AVERAGE(G34:H34)>=3.25, 1, 0) -> 1 | K34: 2.4246 | L34: 0.5962 | M34: 1.4359 | N34: 0.3502 | O34: 0 | P34: 0.7677 | Q34: 0.9091 | R34: 2.1383 | S34: 0.5468 | T34: 0.7361 | U34: -4.3599 | V34: 2.1273 | W34: 0 | X34: 1.208 | Y34: 0.3098 | Z34: 0.0027 | AA34: 0.0106 | AB34: 0.8887 | AC34: 0.8577 | AD34: 0.8974
A35: 6 | B35: Bad | C35: {=SUM(VALUE('Survey C'!AH$3:AH$100))} -> 14 | D35: {=SUM(VALUE('Survey C'!AI$3:AI$100))} -> 13 | E35: =COUNTA('Survey C'!$F$3:$F$100) -> 5 | F35: 1 | G35: =C35/E35 -> 2.8 | H35: =D35/E35 -> 2.6 | I35: =IF(AVERAGE(G35:H35)<=2.75, 1, 0) -> 1 | J35: =IF(AVERAGE(G35:H35)>=3.25, 1, 0) -> 0 | K35: 1.0405 | L35: 0.6693 | M35: 1.3288 | N35: 0.5715 | O35: 0 | P35: 0.6882 | Q35: 1 | R35: 2.1972 | S35: 0.9616 | T35: 0.7472 | U35: -6.6588 | V35: 1.6708 | W35: 0 | X35: 1.3927 | Y35: 0.0588 | Z35: 0.015 | AA35: 0.021 | AB35: 0.8119 | AC35: 0.8637 | AD35: 0.9613
A36: 6 | B36: LLM | C36: {=SUM(VALUE('Survey C'!Y$3:Y$100))} -> 15 | D36: {=SUM(VALUE('Survey C'!Z$3:Z$100))} -> 16 | E36: =COUNTA('Survey C'!$F$3:$F$100) -> 5 | F36: 0 | G36: =C36/E36 -> 3 | H36: =D36/E36 -> 3.2 | I36: =IF(AVERAGE(G36:H36)<=2.75, 1, 0) -> 0 | J36: =IF(AVERAGE(G36:H36)>=3.25, 1, 0) -> 0 | K36: 1.9085 | L36: 1.0163 | M36: 1.0132 | N36: 0.3318 | O36: 0 | P36: 0.5946 | Q36: 0.6667 | R36: 1.1537 | S36: 0.8122 | T36: 0.4497 | U36: -7.0817 | V36: 4.25 | W36: 0 | X36: 0.9315 | Y36: 0.4901 | Z36: 0.0394 | AA36: 0.046 | AB36: 0.8046 | AC36: 0.8639 | AD36: 0.9032
A37: 6 | B37: AMT | C37: {=SUM(VALUE('Survey C'!AO$3:AO$100))} -> 16 | D37: {=SUM(VALUE('Survey C'!AP$3:AP$100))} -> 16 | E37: =COUNTA('Survey C'!$F$3:$F$100) -> 5 | F37: NA | G37: =C37/E37 -> 3.2 | H37: =D37/E37 -> 3.2 | I37: =IF(AVERAGE(G37:H37)<=2.75, 1, 0) -> 0 | J37: =IF(AVERAGE(G37:H37)>=3.25, 1, 0) -> 0 | K37: 3.4841 | L37: 1.6732 | M37: 0.4966 | N37: 1.238 | O37: 0 | P37: 0.1951 | Q37: 0.8889 | R37: 2.164 | S37: 1.301 | T37: 1.261 | U37: -5.5038 | V37: 2.0648 | W37: 1 | X37: 0.3289 | Y37: 1.1685 | Z37: 0.0065 | AA37: 0.0139 | AB37: 0.8078 | AC37: 0.9225 | AD37: 0.8398
A38: 7 | B38: Human | C38: {=SUM(VALUE('Survey D'!F$3:F$100))} -> 18 | D38: {=SUM(VALUE('Survey D'!G$3:G$100))} -> 18 | E38: =COUNTA('Survey D'!$F$3:$F$100) -> 4 | F38: 0 | G38: =C38/E38 -> 4.5 | H38: =D38/E38 -> 4.5 | I38: =IF(AVERAGE(G38:H38)<=2.75, 1, 0) -> 0 | J38: =IF(AVERAGE(G38:H38)>=3.25, 1, 0) -> 1 | K38: 0.9886 | L38: 0.3848 | M38: 0.6723 | N38: 0.2989 | O38: 0 | P38: 0.3875 | Q38: 1 | R38: 2.3694 | S38: 0.759 | T38: 1.0655 | U38: -4.4826 | V38: 3.8955 | W38: 0 | X38: 1.1334 | Y38: 0.6322 | Z38: 0.0193 | AA38: 0.0147 | AB38: 0.8301 | AC38: 0.9058 | AD38: 0.8415
A39: 7 | B39: Normal | C39: {=SUM(VALUE('Survey D'!I$3:I$100))} -> 14 | D39: {=SUM(VALUE('Survey D'!J$3:J$100))} -> 11 | E39: =COUNTA('Survey D'!$F$3:$F$100) -> 4 | F39: 1 | G39: =C39/E39 -> 3.5 | H39: =D39/E39 -> 2.75 | I39: =IF(AVERAGE(G39:H39)<=2.75, 1, 0) -> 0 | J39: =IF(AVERAGE(G39:H39)>=3.25, 1, 0) -> 0 | K39: 0.3651 | L39: 0.5323 | M39: 0.0968 | N39: 0.8218 | O39: 0 | P39: 0.1398 | Q39: 0.5833 | R39: 1.7327 | S39: 0.4807 | T39: 0.4318 | U39: -7.8948 | V39: 2.6843 | W39: 0 | X39: 0.6191 | Y39: 1.1258 | Z39: 0.0302 | AA39: 0.0203 | AB39: 0.8046 | AC39: 0.6884 | AD39: 0.8253
A40: 7 | B40: Chords | C40: {=SUM(VALUE('Survey D'!L$3:L$100))} -> 16 | D40: {=SUM(VALUE('Survey D'!M$3:M$100))} -> 17 | E40: =COUNTA('Survey D'!$F$3:$F$100) -> 4 | F40: 0 | G40: =C40/E40 -> 4 | H40: =D40/E40 -> 4.25 | I40: =IF(AVERAGE(G40:H40)<=2.75, 1, 0) -> 0 | J40: =IF(AVERAGE(G40:H40)>=3.25, 1, 0) -> 1 | K40: 2.01 | L40: 0.73 | M40: 1.1258 | N40: 0.4456 | O40: 0 | P40: 0.7097 | Q40: 1 | R40: 1.3863 | S40: 0.714 | T40: 0.1774 | U40: -5.8156 | V40: 1.4667 | W40: 0 | X40: 1.583 | Y40: 0.2275 | Z40: 0.0187 | AA40: 0.0332 | AB40: 0.7452 | AC40: 0.824 | AD40: 0.8069
A41: 7 | B41: Bad | C41: {=SUM(VALUE('Survey D'!O$3:O$100))} -> 15 | D41: {=SUM(VALUE('Survey D'!P$3:P$100))} -> 13 | E41: =COUNTA('Survey D'!$F$3:$F$100) -> 4 | F41: 0 | G41: =C41/E41 -> 3.75 | H41: =D41/E41 -> 3.25 | I41: =IF(AVERAGE(G41:H41)<=2.75, 1, 0) -> 0 | J41: =IF(AVERAGE(G41:H41)>=3.25, 1, 0) -> 1 | K41: 1.6504 | L41: 0.5323 | M41: 1.21 | N41: 0.4776 | O41: 0 | P41: 0.7593 | Q41: 1 | R41: 1.0986 | S41: 0.9267 | T41: 0.2194 | U41: -4.2465 | V41: 4.375 | W41: 0 | X41: 1.4834 | Y41: 0.3083 | Z41: 0.0314 | AA41: 0.0215 | AB41: 0.8277 | AC41: 0.8373 | AD41: 0.8133
A42: 7 | B42: LLM | C42: {=SUM(VALUE('Survey D'!R$3:R124))} -> 9 | D42: {=SUM(VALUE('Survey D'!S$3:S124))} -> 7 | E42: =COUNTA('Survey D'!$F$3:$F$100) -> 4 | F42: 3 | G42: =C42/E42 -> 2.25 | H42: =D42/E42 -> 1.75 | I42: =IF(AVERAGE(G42:H42)<=2.75, 1, 0) -> 1 | J42: =IF(AVERAGE(G42:H42)>=3.25, 1, 0) -> 0 | K42: 1.1155 | L42: 0.5323 | M42: 0.3933 | N42: 0.1166 | O42: 0 | P42: 0.4138 | Q42: 1 | R42: 1.9459 | S42: 0.7333 | T42: 0.6116 | U42: -7.3581 | V42: 3.3583 | W42: 0 | X42: 0.7188 | Y42: 1.043 | Z42: 0.0728 | AA42: 0.0678 | AB42: 0.6987 | AC42: 0.7004 | AD42: 0.8139
A43: 7 | B43: AMT | C43: {=SUM(VALUE('Survey D'!V$3:V$100))} -> 13 | D43: {=SUM(VALUE('Survey D'!W$3:W$100))} -> 11 | E43: =COUNTA('Survey D'!$F$3:$F$100) -> 4 | F43: NA | G43: =C43/E43 -> 3.25 | H43: =D43/E43 -> 2.75 | I43: =IF(AVERAGE(G43:H43)<=2.75, 1, 0) -> 0 | J43: =IF(AVERAGE(G43:H43)>=3.25, 1, 0) -> 0 | K43: 0.5323 | L43: 0.3388 | M43: 0.3594 | N43: 0.8561 | O43: 1 | P43: 0.2564 | Q43: 0.8 | R43: 2.0983 | S43: 0.6417 | T43: 0.7953 | U43: -4.8338 | V43: 4.5833 | W43: 0 | X43: 0.5814 | Y43: 1.208 | Z43: 0.0085 | AA43: 0.0171 | AB43: 0.8832 | AC43: 0.9145 | AD43: 0.8784
A44: 8 | B44: Human | C44: {=SUM(VALUE('Survey D'!AK$3:AK$100))} -> 18 | D44: {=SUM(VALUE('Survey D'!AL$3:AL$100))} -> 19 | E44: =COUNTA('Survey D'!$F$3:$F$100) -> 4 | F44: 0 | G44: =C44/E44 -> 4.5 | H44: =D44/E44 -> 4.75 | I44: =IF(AVERAGE(G44:H44)<=2.75, 1, 0) -> 0 | J44: =IF(AVERAGE(G44:H44)>=3.25, 1, 0) -> 1 | K44: 1.1609 | L44: 1.1609 | M44: 0.2961 | N44: 0.39 | O44: 0 | P44: 0.1182 | Q44: 0.6842 | R44: 2.1945 | S44: 0.6666 | T44: 1.3487 | U44: -3.837 | V44: 4.744 | W44: 1 | X44: 0.326 | Y44: 0.4501 | Z44: 0.0238 | AA44: 0.0219 | AB44: 0.8991 | AC44: 0.9013 | AD44: 0.8874
A45: 8 | B45: Normal | C45: {=SUM(VALUE('Survey D'!AB$3:AB$100))} -> 14 | D45: {=SUM(VALUE('Survey D'!AC$3:AC$100))} -> 11 | E45: =COUNTA('Survey D'!$F$3:$F$100) -> 4 | F45: 0 | G45: =C45/E45 -> 3.5 | H45: =D45/E45 -> 2.75 | I45: =IF(AVERAGE(G45:H45)<=2.75, 1, 0) -> 0 | J45: =IF(AVERAGE(G45:H45)>=3.25, 1, 0) -> 0 | K45: 0.9737 | L45: 1.4073 | M45: 0.8101 | N45: 0.2061 | O45: 1 | P45: 0.155 | Q45: 0.6 | R45: 2.1903 | S45: 0.7578 | T45: 2.0983 | U45: -4.9431 | V45: 1.7465 | W45: 1 | X45: 0.1767 | Y45: 0.7255 | Z45: 0.1031 | AA45: 0.1018 | AB45: 0.7567 | AC45: 0.7808 | AD45: 0.8684
A46: 8 | B46: Chords | C46: {=SUM(VALUE('Survey D'!AE$3:AE$100))} -> 17 | D46: {=SUM(VALUE('Survey D'!AF$3:AF$100))} -> 15 | E46: =COUNTA('Survey D'!$F$3:$F$100) -> 4 | F46: 0 | G46: =C46/E46 -> 4.25 | H46: =D46/E46 -> 3.75 | I46: =IF(AVERAGE(G46:H46)<=2.75, 1, 0) -> 0 | J46: =IF(AVERAGE(G46:H46)>=3.25, 1, 0) -> 1 | K46: 1.4829 | L46: 0.4869 | M46: 0.5489 | N46: 0.4042 | O46: 0 | P46: 0.2347 | Q46: 0.7778 | R46: 2.0253 | S46: 0.8346 | T46: 0.8966 | U46: -6.6787 | V46: 5.1907 | W46: 1 | X46: 0.3169 | Y46: 0.3118 | Z46: 0.053 | AA46: 0.0323 | AB46: 0.9197 | AC46: 0.8838 | AD46: 0.8701
A47: 8 | B47: Bad | C47: {=SUM(VALUE('Survey D'!AH$3:AH$100))} -> 8 | D47: {=SUM(VALUE('Survey D'!AI$3:AI$100))} -> 6 | E47: =COUNTA('Survey D'!$F$3:$F$100) -> 4 | F47: 4 | G47: =C47/E47 -> 2 | H47: =D47/E47 -> 1.5 | I47: =IF(AVERAGE(G47:H47)<=2.75, 1, 0) -> 1 | J47: =IF(AVERAGE(G47:H47)>=3.25, 1, 0) -> 0 | K47: 0.6483 | L47: 1.605 | M47: 0.7539 | N47: 0.2062 | O47: 1 | P47: 0.1484 | Q47: 0.6818 | R47: 2.1552 | S47: 0.7903 | T47: 1.4712 | U47: -4.2745 | V47: 3.7992 | W47: 1 | X47: 0.1681 | Y47: 0.7075 | Z47: 0.1197 | AA47: 0.101 | AB47: 0.5935 | AC47: 0.535 | AD47: 0.8691
A48: 8 | B48: LLM | C48: {=SUM(VALUE('Survey D'!Y$3:Y$100))} -> 16 | D48: {=SUM(VALUE('Survey D'!Z$3:Z$100))} -> 15 | E48: =COUNTA('Survey D'!$F$3:$F$100) -> 4 | F48: 0 | G48: =C48/E48 -> 4 | H48: =D48/E48 -> 3.75 | I48: =IF(AVERAGE(G48:H48)<=2.75, 1, 0) -> 0 | J48: =IF(AVERAGE(G48:H48)>=3.25, 1, 0) -> 1 | K48: 1.1155 | L48: 0 | M48: 0.3635 | N48: 0.5819 | O48: 0 | P48: 0.1724 | Q48: 0.5 | R48: 1.4271 | S48: 0.5387 | T48: 0.3468 | U48: -3.3742 | V48: 3.2875 | W48: 0 | X48: 0.4237 | Y48: 0.3095 | Z48: 0.0181 | AA48: 0.0168 | AB48: 0.8744 | AC48: 0.8163 | AD48: 0.8803
A49: 8 | B49: AMT | C49: {=SUM(VALUE('Survey D'!AO$3:AO$100))} -> 16 | D49: {=SUM(VALUE('Survey D'!AP$3:AP$100))} -> 14 | E49: =COUNTA('Survey D'!$F$3:$F$100) -> 4 | F49: NA | G49: =C49/E49 -> 4 | H49: =D49/E49 -> 3.5 | I49: =IF(AVERAGE(G49:H49)<=2.75, 1, 0) -> 0 | J49: =IF(AVERAGE(G49:H49)>=3.25, 1, 0) -> 1 | K49: 0.7696 | L49: 0.4867 | M49: 0.7388 | N49: 0.6162 | O49: 0 | P49: 0.1481 | Q49: 0.7273 | R49: 1.8201 | S49: 0.6359 | T49: 0.7542 | U49: -4.5824 | V49: 2.3636 | W49: 1 | X49: 0.3216 | Y49: 0.7013 | Z49: 0.0576 | AA49: 0.0378 | AB49: 0.9167 | AC49: 0.9007 | AD49: 0.8553
A50: 9 | B50: Human | C50: {=SUM(VALUE('Survey E'!F$3:F$100))} -> 11 | D50: {=SUM(VALUE('Survey E'!G$3:G$100))} -> 13 | E50: =COUNTA('Survey E'!$F$3:$F$100) -> 4 | F50: 1 | G50: =C50/E50 -> 2.75 | H50: =D50/E50 -> 3.25 | I50: =IF(AVERAGE(G50:H50)<=2.75, 1, 0) -> 0 | J50: =IF(AVERAGE(G50:H50)>=3.25, 1, 0) -> 0 | K50: 0.3848 | L50: 1.2381 | M50: 1.6119 | N50: 0.235 | O50: 2 | P50: 0.7119 | Q50: 0.9333 | R50: 2.5127 | S50: 0.8529 | T50: 1.4509 | U50: -4.4298 | V50: 3.7156 | W50: 0 | X50: 1.6104 | Y50: 0.4224 | Z50: 0.0242 | AA50: 0.0348 | AB50: 0.9192 | AC50: 0.9107 | AD50: 0.8981
A51: 9 | B51: Normal | C51: {=SUM(VALUE('Survey E'!I$3:I$100))} -> 12 | D51: {=SUM(VALUE('Survey E'!J$3:J$100))} -> 11 | E51: =COUNTA('Survey E'!$F$3:$F$100) -> 4 | F51: 0 | G51: =C51/E51 -> 3 | H51: =D51/E51 -> 2.75 | I51: =IF(AVERAGE(G51:H51)<=2.75, 1, 0) -> 0 | J51: =IF(AVERAGE(G51:H51)>=3.25, 1, 0) -> 0 | K51: 0.4471 | L51: 0.76 | M51: 0.3844 | N51: 1.5542 | O51: 3 | P51: 0.2054 | Q51: 0.8421 | R51: 2.5537 | S51: 0.6896 | T51: 1.2597 | U51: -4.935 | V51: 3.7728 | W51: 0 | X51: 0.2605 | Y51: 1.6535 | Z51: 0.0368 | AA51: 0.0565 | AB51: 0.933 | AC51: 0.8767 | AD51: 0.9115
A52: 9 | B52: Chords | C52: {=SUM(VALUE('Survey E'!L$3:L$100))} -> 13 | D52: {=SUM(VALUE('Survey E'!M$3:M$100))} -> 13 | E52: =COUNTA('Survey E'!$F$3:$F$100) -> 4 | F52: 1 | G52: =C52/E52 -> 3.25 | H52: =D52/E52 -> 3.25 | I52: =IF(AVERAGE(G52:H52)<=2.75, 1, 0) -> 0 | J52: =IF(AVERAGE(G52:H52)>=3.25, 1, 0) -> 1 | K52: 0.3848 | L52: 0.5804 | M52: 0.4985 | N52: 1.3938 | O52: 1 | P52: 0.1712 | Q52: 0.8333 | R52: 2.3607 | S52: 0.8601 | T52: 1.5831 | U52: -4.4296 | V52: 4.463 | W52: 0 | X52: 0.342 | Y52: 1.5501 | Z52: 0.0224 | AA52: 0.0346 | AB52: 0.8942 | AC52: 0.8321 | AD52: 0.8978
A53: 9 | B53: Bad | C53: {=SUM(VALUE('Survey E'!O$3:O$100))} -> 10 | D53: {=SUM(VALUE('Survey E'!P$3:P$100))} -> 9 | E53: =COUNTA('Survey E'!$F$3:$F$100) -> 4 | F53: 2 | G53: =C53/E53 -> 2.5 | H53: =D53/E53 -> 2.25 | I53: =IF(AVERAGE(G53:H53)<=2.75, 1, 0) -> 1 | J53: =IF(AVERAGE(G53:H53)>=3.25, 1, 0) -> 0 | K53: 2.6227 | L53: 0.8366 | M53: 0.8208 | N53: 0.4667 | O53: 1 | P53: 0.6818 | Q53: 1 | R53: 1.0986 | S53: 0.8644 | T53: 0.2134 | U53: -4.0811 | V53: 4.625 | W53: 0 | X53: 1.156 | Y53: 0.7534 | Z53: 0.0406 | AA53: 0.0347 | AB53: 0.8251 | AC53: 0.8591 | AD53: 0.9067
A54: 9 | B54: LLM | C54: {=SUM(VALUE('Survey E'!R$3:R136))} -> 15 | D54: {=SUM(VALUE('Survey E'!S$3:S136))} -> 14 | E54: =COUNTA('Survey E'!$F$3:$F$100) -> 4 | F54: 0 | G54: =C54/E54 -> 3.75 | H54: =D54/E54 -> 3.5 | I54: =IF(AVERAGE(G54:H54)<=2.75, 1, 0) -> 0 | J54: =IF(AVERAGE(G54:H54)>=3.25, 1, 0) -> 1 | K54: 0.3848 | L54: 1.3386 | M54: 1.2092 | N54: 0.3166 | O54: 2 | P54: 0.5769 | Q54: 0.9 | R54: 2.2719 | S54: 0.8044 | T54: 0.9505 | U54: -6.5652 | V54: 5.45 | W54: 0 | X54: 1.2852 | Y54: 0.6667 | Z54: 0.0489 | AA54: 0.0605 | AB54: 0.8765 | AC54: 0.8455 | AD54: 0.9034
A55: 9 | B55: AMT | C55: {=SUM(VALUE('Survey E'!V$3:V$100))} -> 13 | D55: {=SUM(VALUE('Survey E'!W$3:W$100))} -> 12 | E55: =COUNTA('Survey E'!$F$3:$F$100) -> 4 | F55: NA | G55: =C55/E55 -> 3.25 | H55: =D55/E55 -> 3 | I55: =IF(AVERAGE(G55:H55)<=2.75, 1, 0) -> 0 | J55: =IF(AVERAGE(G55:H55)>=3.25, 1, 0) -> 0 | K55: 1.4193 | L55: 2.1402 | M55: 0.7669 | N55: 1.0817 | O55: 1 | P55: 0.2778 | Q55: 0.875 | R55: 2.0432 | S55: 1.0914 | T55: 0.9411 | U55: -5.5259 | V55: 2.5854 | W55: 0 | X55: 0.8166 | Y55: 1.2294 | Z55: 0.1109 | AA55: 0.1144 | AB55: 0.8479 | AC55: 0.8506 | AD55: 0.8905
A56: 10 | B56: Human | C56: {=SUM(VALUE('Survey E'!AK$3:AK$100))} -> 13 | D56: {=SUM(VALUE('Survey E'!AL$3:AL$100))} -> 12 | E56: =COUNTA('Survey E'!$F$3:$F$100) -> 4 | F56: 1 | G56: =C56/E56 -> 3.25 | H56: =D56/E56 -> 3 | I56: =IF(AVERAGE(G56:H56)<=2.75, 1, 0) -> 0 | J56: =IF(AVERAGE(G56:H56)>=3.25, 1, 0) -> 0 | K56: 1.5199 | L56: 0.7958 | M56: 0.4044 | N56: 0.3167 | O56: 1 | P56: 0.5185 | Q56: 1 | R56: 2.8904 | S56: 0.7381 | T56: 2.096 | U56: -4.082 | V56: 4.0353 | W56: 1 | X56: 0.4215 | Y56: 0.161 | Z56: 0.0079 | AA56: 0.016 | AB56: 0.9254 | AC56: 0.8955 | AD56: 0.9196
A57: 10 | B57: Normal | C57: {=SUM(VALUE('Survey E'!AB$3:AB$100))} -> 14 | D57: {=SUM(VALUE('Survey E'!AC$3:AC$100))} -> 15 | E57: =COUNTA('Survey E'!$F$3:$F$100) -> 4 | F57: 0 | G57: =C57/E57 -> 3.5 | H57: =D57/E57 -> 3.75 | I57: =IF(AVERAGE(G57:H57)<=2.75, 1, 0) -> 0 | J57: =IF(AVERAGE(G57:H57)>=3.25, 1, 0) -> 1 | K57: 1.5199 | L57: 0.7797 | M57: 0.4102 | N57: 0.6383 | O57: 1 | P57: 0.0991 | Q57: 0.95 | R57: 2.6895 | S57: 1.1574 | T57: 2.7248 | U57: -4.2702 | V57: 4.8083 | W57: 0 | X57: 0.2763 | Y57: 0.4693 | Z57: 0.0082 | AA57: 0.0001 | AB57: 0.9307 | AC57: 0.9406 | AD57: 0.9358
A58: 10 | B58: Chords | C58: {=SUM(VALUE('Survey E'!AE$3:AE$100))} -> 13 | D58: {=SUM(VALUE('Survey E'!AF$3:AF$100))} -> 12 | E58: =COUNTA('Survey E'!$F$3:$F$100) -> 4 | F58: 1 | G58: =C58/E58 -> 3.25 | H58: =D58/E58 -> 3 | I58: =IF(AVERAGE(G58:H58)<=2.75, 1, 0) -> 0 | J58: =IF(AVERAGE(G58:H58)>=3.25, 1, 0) -> 0 | K58: 0.8421 | L58: 1.4073 | M58: 0.0625 | N58: 0.4064 | O58: 0 | P58: 0.7736 | Q58: 0.9412 | R58: 2.6593 | S58: 0.9888 | T58: 1.6117 | U58: -4.3636 | V58: 3.9069 | W58: 0 | X58: 0.3876 | Y58: 0.1459 | Z58: 0.0082 | AA58: 0.0001 | AB58: 0.9196 | AC58: 0.9195 | AD58: 0.9367
A59: 10 | B59: Bad | C59: {=SUM(VALUE('Survey E'!AH$3:AH$100))} -> 16 | D59: {=SUM(VALUE('Survey E'!AI$3:AI$100))} -> 16 | E59: =COUNTA('Survey E'!$F$3:$F$100) -> 4 | F59: 0 | G59: =C59/E59 -> 4 | H59: =D59/E59 -> 4 | I59: =IF(AVERAGE(G59:H59)<=2.75, 1, 0) -> 0 | J59: =IF(AVERAGE(G59:H59)>=3.25, 1, 0) -> 1 | K59: 0.8421 | L59: 0 | M59: 0.1728 | N59: 0.2902 | O59: 0 | P59: 0.7447 | Q59: 1 | R59: 2.1383 | S59: 0.6881 | T59: 1.0266 | U59: -4.4828 | V59: 5.4924 | W59: 0 | X59: 0.4077 | Y59: 0.1231 | Z59: 0.0082 | AA59: 0.0162 | AB59: 0.8177 | AC59: 0.8236 | AD59: 0.9293
A60: 10 | B60: LLM | C60: {=SUM(VALUE('Survey E'!Y$3:Y$100))} -> 11 | D60: {=SUM(VALUE('Survey E'!Z$3:Z$100))} -> 11 | E60: =COUNTA('Survey E'!$F$3:$F$100) -> 4 | F60: 2 | G60: =C60/E60 -> 2.75 | H60: =D60/E60 -> 2.75 | I60: =IF(AVERAGE(G60:H60)<=2.75, 1, 0) -> 1 | J60: =IF(AVERAGE(G60:H60)>=3.25, 1, 0) -> 0 | K60: 1.217 | L60: 1.3177 | M60: 0.3706 | N60: 0.576 | O60: 0 | P60: 0.5301 | Q60: 0.9 | R60: 2.2719 | S60: 0.6019 | T60: 0.6375 | U60: -5.2026 | V60: 6.535 | W60: 0 | X60: 0.4155 | Y60: 0.1438 | Z60: 0.026 | AA60: 0.034 | AB60: 0.8074 | AC60: 0.8754 | AD60: 0.9301
A61: 10 | B61: AMT | C61: {=SUM(VALUE('Survey E'!AO$3:AO$100))} -> 14 | D61: {=SUM(VALUE('Survey E'!AP$3:AP$100))} -> 12 | E61: =COUNTA('Survey E'!$F$3:$F$100) -> 4 | F61: NA | G61: =C61/E61 -> 3.5 | H61: =D61/E61 -> 3 | I61: =IF(AVERAGE(G61:H61)<=2.75, 1, 0) -> 0 | J61: =IF(AVERAGE(G61:H61)>=3.25, 1, 0) -> 1 | K61: 1.2284 | L61: 0.7958 | M61: 0.7915 | N61: 0.6619 | O61: 1 | P61: 0.0935 | Q61: 0.8889 | R61: 2.781 | S61: 1.1912 | T61: 2.1447 | U61: -5.091 | V61: 3.4247 | W61: 0 | X61: 0.5168 | Y61: 0.6963 | Z61: 0.0082 | AA61: 0.0001 | AB61: 0.937 | AC61: 0.9164 | AD61: 0.9509
A65: Method | B65: Smoothness | C65: Authenticity
A66: Bad | B66: =AVERAGEIF(B2:B61,"*Bad*",G2:G61) -> 2.565 | C66: =AVERAGEIF(B2:B61,"*Bad*",H2:H61) -> 2.34 | D66: =SUMIF(B2:B61,"*Bad*",F2:F61) -> 20
A67: Chords | B67: =AVERAGEIF(B2:B61,"Chords",G2:G61) -> 3.235 | C67: =AVERAGEIF(B2:B61,"Chords",H2:H61) -> 3.125 | D67: =SUMIF(B2:B61,"Chords",F2:F61) -> 7
A68: LLM Chords | B68: =AVERAGEIF(B2:B61,"LLM",G2:G61) -> 2.975 | C68: =AVERAGEIF(B2:B61,"LLM",H2:H61) -> 3.035 | D68: =SUMIF(B2:B61,"LLM",F2:F61) -> 9
A69: Normal | B69: =AVERAGEIF(B2:B61,"Normal",G2:G61) -> 3.15 | C69: =AVERAGEIF(B2:B61,"Normal",H2:H61) -> 3.2 | D69: =SUMIF(B2:B61,"Normal",F2:F61) -> 4
A70: Human | B70: =AVERAGEIF(B2:B61,"Human",G2:G61) -> 3.22 | C70: =AVERAGEIF(B2:B61,"Human",H2:H61) -> 3.53 | D70: =SUMIF(B2:B61,"Human",F2:F61) -> 6
A71: AMT | B71: =AVERAGEIF(B2:B61,"AMT",G2:G61) -> 2.96 | C71: =AVERAGEIF(B2:B61,"AMT",H2:H61) -> 2.705 | D71: =SUMIF(B2:B61,"AMT",F2:F61) -> 0
A72: Random | D72: =1/5*46 -> 9.2

Sheet Ratings_By_Method
A1: Survey | B1: Human | C1: AMT | D1: Main | E1: Chord | F1: LLM Chord | H1: Human | I1: AMT | J1: Main | K1: Chord | L1: LLM Chord | N1: Folder Number
A2: A | B2: =VALUE('Survey A'!F$3) -> 4 | C2: =VALUE('Survey A'!V$3) -> 3 | D2: =VALUE('Survey A'!I$3) -> 3 | E2: =VALUE('Survey A'!L$3) -> 2 | F2: =VALUE('Survey A'!R$3) -> 1 | H2: =VALUE('Survey A'!G$3) -> 4 | I2: =VALUE('Survey A'!W$3) -> 3 | J2: =VALUE('Survey A'!J$3) -> 2 | K2: =VALUE('Survey A'!M$3) -> 2 | L2: =VALUE('Survey A'!S$3) -> 1 | N2: 1 | O2: This is example 1. The piece starts in the key of A major until 0:20. The target key is set to Bb major after 0:20 until the duration of the piece. The modulation window is set between 0:20-0:30 (plus or minus a few seconds).
A3: A | B3: =VALUE('Survey A'!F$4) -> 2 | C3: =VALUE('Survey A'!V$4) -> 4 | D3: =VALUE('Survey A'!I$4) -> 1 | E3: =VALUE('Survey A'!L$4) -> 3 | F3: =VALUE('Survey A'!R$4) -> 5 | H3: =VALUE('Survey A'!G$4) -> 2 | I3: =VALUE('Survey A'!W$4) -> 5 | J3: =VALUE('Survey A'!J$4) -> 1 | K3: =VALUE('Survey A'!M$4) -> 1 | L3: =VALUE('Survey A'!S$4) -> 5
A4: A | B4: =VALUE('Survey A'!F$5) -> 3 | C4: =VALUE('Survey A'!V$5) -> 2 | D4: =VALUE('Survey A'!I$5) -> 4 | E4: =VALUE('Survey A'!L$5) -> 3 | F4: =VALUE('Survey A'!R$5) -> 2 | H4: =VALUE('Survey A'!G$5) -> 3 | I4: =VALUE('Survey A'!W$5) -> 1 | J4: =VALUE('Survey A'!J$5) -> 4 | K4: =VALUE('Survey A'!M$5) -> 2 | L4: =VALUE('Survey A'!S$5) -> 2
A5: A | B5: =VALUE('Survey A'!F$6) -> 4 | C5: =VALUE('Survey A'!V$6) -> 2 | D5: =VALUE('Survey A'!I$6) -> 2 | E5: =VALUE('Survey A'!L$6) -> 2 | F5: =VALUE('Survey A'!R$6) -> 3 | H5: =VALUE('Survey A'!G$6) -> 3 | I5: =VALUE('Survey A'!W$6) -> 3 | J5: =VALUE('Survey A'!J$6) -> 4 | K5: =VALUE('Survey A'!M$6) -> 1 | L5: =VALUE('Survey A'!S$6) -> 1
A6: A | B6: =VALUE('Survey A'!F$7) -> 3 | C6: =VALUE('Survey A'!V$7) -> 4 | D6: =VALUE('Survey A'!I$7) -> 3 | E6: =VALUE('Survey A'!L$7) -> 1 | F6: =VALUE('Survey A'!R$7) -> 3 | H6: =VALUE('Survey A'!G$7) -> 3 | I6: =VALUE('Survey A'!W$7) -> 3 | J6: =VALUE('Survey A'!J$7) -> 4 | K6: =VALUE('Survey A'!M$7) -> 2 | L6: =VALUE('Survey A'!S$7) -> 3
A7: A | B7: =VALUE('Survey A'!AK3) -> 4 | C7: =VALUE('Survey A'!AO$3) -> 2 | D7: =VALUE('Survey A'!AB$3) -> 4 | E7: =VALUE('Survey A'!AE$3) -> 5 | F7: =VALUE('Survey A'!Y$3) -> 3 | H7: =VALUE('Survey A'!AL$3) -> 4 | I7: =VALUE('Survey A'!AP$3) -> 1 | J7: =VALUE('Survey A'!AC$3) -> 4 | K7: =VALUE('Survey A'!AF$3) -> 5 | L7: =VALUE('Survey A'!Z$3) -> 3 | N7: 2 | O7: This is example 1. The piece starts in the key of F major until 0:20. The target key is set to Gb / F# major after 0:20 until the duration of the piece. The modulation window is set between 0:20-0:30 (plus or minus a few seconds).
A8: A | B8: =VALUE('Survey A'!AK4) -> 5 | C8: =VALUE('Survey A'!AO$4) -> 4 | D8: =VALUE('Survey A'!AB$4) -> 4 | E8: =VALUE('Survey A'!AE$4) -> 5 | F8: =VALUE('Survey A'!Y$4) -> 2 | H8: =VALUE('Survey A'!AL$4) -> 5 | I8: =VALUE('Survey A'!AP$4) -> 4 | J8: =VALUE('Survey A'!AC$4) -> 2 | K8: =VALUE('Survey A'!AF$4) -> 5 | L8: =VALUE('Survey A'!Z$4) -> 2
A9: A | B9: =VALUE('Survey A'!AK5) -> 4 | C9: =VALUE('Survey A'!AO$5) -> 2 | D9: =VALUE('Survey A'!AB$5) -> 3 | E9: =VALUE('Survey A'!AE$5) -> 3 | F9: =VALUE('Survey A'!Y$5) -> 4 | H9: =VALUE('Survey A'!AL$5) -> 4 | I9: =VALUE('Survey A'!AP$5) -> 2 | J9: =VALUE('Survey A'!AC$5) -> 3 | K9: =VALUE('Survey A'!AF$5) -> 4 | L9: =VALUE('Survey A'!Z$5) -> 4
A10: A | B10: =VALUE('Survey A'!AK6) -> 4 | C10: =VALUE('Survey A'!AO$6) -> 4 | D10: =VALUE('Survey A'!AB$6) -> 3 | E10: =VALUE('Survey A'!AE$6) -> 5 | F10: =VALUE('Survey A'!Y$6) -> 4 | H10: =VALUE('Survey A'!AL$6) -> 5 | I10: =VALUE('Survey A'!AP$6) -> 3 | J10: =VALUE('Survey A'!AC$6) -> 4 | K10: =VALUE('Survey A'!AF$6) -> 5 | L10: =VALUE('Survey A'!Z$6) -> 5
A11: A | B11: =VALUE('Survey A'!AK7) -> 4 | C11: =VALUE('Survey A'!AO$7) -> 4 | D11: =VALUE('Survey A'!AB$7) -> 5 | E11: =VALUE('Survey A'!AE$7) -> 5 | F11: =VALUE('Survey A'!Y$7) -> 4 | H11: =VALUE('Survey A'!AL$7) -> 5 | I11: =VALUE('Survey A'!AP$7) -> 3 | J11: =VALUE('Survey A'!AC$7) -> 4 | K11: =VALUE('Survey A'!AF$7) -> 5 | L11: =VALUE('Survey A'!Z$7) -> 5
A12: B | B12: =VALUE('Survey B'!F3) -> 3 | C12: =VALUE('Survey B'!V$3) -> 2 | D12: =VALUE('Survey B'!I$3) -> 4 | E12: =VALUE('Survey B'!L$3) -> 1 | F12: =VALUE('Survey B'!R$3) -> 2 | H12: =VALUE('Survey B'!L3) -> 1 | I12: =VALUE('Survey B'!W$3) -> 1 | J12: =VALUE('Survey B'!J$3) -> 5 | K12: =VALUE('Survey B'!M$3) -> 1 | L12: =VALUE('Survey B'!S$3) -> 3 | N12: 3 | O12: This is example 1. The piece starts in the key of E minor until 0:20. The target key is set to F minor after 0:20 until the duration of the piece. The modulation window is set between 0:20-0:30 (plus or minus a few seconds).
A13: B | B13: =VALUE('Survey B'!F4) -> 2 | C13: =VALUE('Survey B'!V$4) -> 3 | D13: =VALUE('Survey B'!I$4) -> 4 | E13: =VALUE('Survey B'!L$4) -> 1 | F13: =VALUE('Survey B'!R$4) -> 4 | H13: =VALUE('Survey B'!L4) -> 1 | I13: =VALUE('Survey B'!W$4) -> 5 | J13: =VALUE('Survey B'!J$4) -> 4 | K13: =VALUE('Survey B'!M$4) -> 2 | L13: =VALUE('Survey B'!S$4) -> 5
A14: B | B14: =VALUE('Survey B'!F5) -> 1 | C14: =VALUE('Survey B'!V$5) -> 1 | D14: =VALUE('Survey B'!I$5) -> 1 | E14: =VALUE('Survey B'!L$5) -> 1 | F14: =VALUE('Survey B'!R$5) -> 1 | H14: =VALUE('Survey B'!L5) -> 1 | I14: =VALUE('Survey B'!W$5) -> 1 | J14: =VALUE('Survey B'!J$5) -> 3 | K14: =VALUE('Survey B'!M$5) -> 1 | L14: =VALUE('Survey B'!S$5) -> 4
A15: B | B15: =VALUE('Survey B'!F6) -> 4 | C15: =VALUE('Survey B'!V$6) -> 3 | D15: =VALUE('Survey B'!I$6) -> 4 | E15: =VALUE('Survey B'!L$6) -> 2 | F15: =VALUE('Survey B'!R$6) -> 4 | H15: =VALUE('Survey B'!L6) -> 2 | I15: =VALUE('Survey B'!W$6) -> 2 | J15: =VALUE('Survey B'!J$6) -> 4 | K15: =VALUE('Survey B'!M$6) -> 2 | L15: =VALUE('Survey B'!S$6) -> 3
A16: B | B16: =VALUE('Survey B'!F7) -> 2 | C16: =VALUE('Survey B'!V$7) -> 1 | D16: =VALUE('Survey B'!I$7) -> 4 | E16: =VALUE('Survey B'!L$7) -> 3 | F16: =VALUE('Survey B'!R$7) -> 1 | H16: =VALUE('Survey B'!L7) -> 3 | I16: =VALUE('Survey B'!W$7) -> 1 | J16: =VALUE('Survey B'!J$7) -> 4 | K16: =VALUE('Survey B'!M$7) -> 2 | L16: =VALUE('Survey B'!S$7) -> 2
A17: B | B17: =VALUE('Survey B'!AK$3) -> 4 | C17: =VALUE('Survey B'!AO$3) -> 2 | D17: =VALUE('Survey B'!AB$3) -> 2 | E17: =VALUE('Survey B'!AE$3) -> 2 | F17: =VALUE('Survey B'!Y$3) -> 2 | H17: =VALUE('Survey B'!AL$3) -> 5 | I17: =VALUE('Survey B'!AP$3) -> 1 | J17: =VALUE('Survey B'!AC$3) -> 4 | K17: =VALUE('Survey B'!AF$3) -> 3 | L17: =VALUE('Survey B'!Z$3) -> 1 | N17: 4 | O17: This is example 1. The piece starts in the key of A major until 0:20. The target key is set to C major after 0:20 until the duration of the piece. The modulation window is set between 0:20-0:30 (plus or minus a few seconds).
A18: B | B18: =VALUE('Survey B'!AK$4) -> 4 | C18: =VALUE('Survey B'!AO$4) -> 1 | D18: =VALUE('Survey B'!AB$4) -> 4 | E18: =VALUE('Survey B'!AE$4) -> 2 | F18: =VALUE('Survey B'!Y$4) -> 2 | H18: =VALUE('Survey B'!AL$4) -> 2 | I18: =VALUE('Survey B'!AP$4) -> 2 | J18: =VALUE('Survey B'!AC$4) -> 5 | K18: =VALUE('Survey B'!AF$4) -> 1 | L18: =VALUE('Survey B'!Z$4) -> 4
A19: B | B19: =VALUE('Survey B'!AK$5) -> 1 | C19: =VALUE('Survey B'!AO$5) -> 1 | D19: =VALUE('Survey B'!AB$5) -> 1 | E19: =VALUE('Survey B'!AE$5) -> 3 | F19: =VALUE('Survey B'!Y$5) -> 1 | H19: =VALUE('Survey B'!AL$5) -> 5 | I19: =VALUE('Survey B'!AP$5) -> 1 | J19: =VALUE('Survey B'!AC$5) -> 5 | K19: =VALUE('Survey B'!AF$5) -> 3 | L19: =VALUE('Survey B'!Z$5) -> 1
A20: B | B20: =VALUE('Survey B'!AK$6) -> 4 | C20: =VALUE('Survey B'!AO$6) -> 1 | D20: =VALUE('Survey B'!AB$6) -> 3 | E20: =VALUE('Survey B'!AE$6) -> 2 | F20: =VALUE('Survey B'!Y$6) -> 3 | H20: =VALUE('Survey B'!AL$6) -> 4 | I20: =VALUE('Survey B'!AP$6) -> 1 | J20: =VALUE('Survey B'!AC$6) -> 3 | K20: =VALUE('Survey B'!AF$6) -> 3 | L20: =VALUE('Survey B'!Z$6) -> 3
A21: B | B21: =VALUE('Survey B'!AK$7) -> 2 | C21: =VALUE('Survey B'!AO$7) -> 2 | D21: =VALUE('Survey B'!AB$7) -> 2 | E21: =VALUE('Survey B'!AE$7) -> 2 | F21: =VALUE('Survey B'!Y$7) -> 1 | H21: =VALUE('Survey B'!AL$7) -> 1 | I21: =VALUE('Survey B'!AP$7) -> 1 | J21: =VALUE('Survey B'!AC$7) -> 3 | K21: =VALUE('Survey B'!AF$7) -> 1 | L21: =VALUE('Survey B'!Z$7) -> 1
A22: C | B22: =VALUE('Survey C'!F$3) -> 2 | C22: =VALUE('Survey C'!V$3) -> 2 | D22: =VALUE('Survey C'!I$3) -> 4 | E22: =VALUE('Survey C'!L$3) -> 2 | F22: =VALUE('Survey C'!R$3) -> 5 | H22: =VALUE('Survey C'!G$3) -> 3 | I22: =VALUE('Survey C'!W$3) -> 2 | J22: =VALUE('Survey C'!J$3) -> 4 | K22: =VALUE('Survey C'!M$3) -> 2 | L22: =VALUE('Survey C'!S$3) -> 5 | N22: 5 | O22: This is example 1. The piece starts in the key of B minor until 0:20. The target key is set to C minor after 0:20 until the duration of the piece. The modulation window is set between 0:20-0:30 (plus or minus a few seconds).
A23: C | B23: =VALUE('Survey C'!F$4) -> 3 | C23: =VALUE('Survey C'!V$4) -> 3 | D23: =VALUE('Survey C'!I$4) -> 4 | E23: =VALUE('Survey C'!L$4) -> 4 | F23: =VALUE('Survey C'!R$4) -> 3 | H23: =VALUE('Survey C'!G$4) -> 3 | I23: =VALUE('Survey C'!W$4) -> 3 | J23: =VALUE('Survey C'!J$4) -> 4 | K23: =VALUE('Survey C'!M$4) -> 3 | L23: =VALUE('Survey C'!S$4) -> 3
A24: C | B24: =VALUE('Survey C'!F$5) -> 2 | C24: =VALUE('Survey C'!V$5) -> 4 | D24: =VALUE('Survey C'!I$5) -> 3 | E24: =VALUE('Survey C'!L$5) -> 4 | F24: =VALUE('Survey C'!R$5) -> 3 | H24: =VALUE('Survey C'!G$5) -> 2 | I24: =VALUE('Survey C'!W$5) -> 4 | J24: =VALUE('Survey C'!J$5) -> 2 | K24: =VALUE('Survey C'!M$5) -> 4 | L24: =VALUE('Survey C'!S$5) -> 3
A25: C | B25: =VALUE('Survey C'!F$6) -> 3 | C25: =VALUE('Survey C'!V$6) -> 2 | D25: =VALUE('Survey C'!I$6) -> 4 | E25: =VALUE('Survey C'!L$6) -> 3 | F25: =VALUE('Survey C'!R$6) -> 5 | H25: =VALUE('Survey C'!G$6) -> 3 | I25: =VALUE('Survey C'!W$6) -> 2 | J25: =VALUE('Survey C'!J$6) -> 4 | K25: =VALUE('Survey C'!M$6) -> 3 | L25: =VALUE('Survey C'!S$6) -> 5
A26: C | B26: =VALUE('Survey C'!F$7) -> 3 | C26: =VALUE('Survey C'!V$7) -> 3 | D26: =VALUE('Survey C'!I$7) -> 4 | E26: =VALUE('Survey C'!L$7) -> 2 | F26: =VALUE('Survey C'!R$7) -> 2 | H26: =VALUE('Survey C'!G$7) -> 3 | I26: =VALUE('Survey C'!W$7) -> 3 | J26: =VALUE('Survey C'!J$7) -> 4 | K26: =VALUE('Survey C'!M$7) -> 3 | L26: =VALUE('Survey C'!S$7) -> 3
A27: C | B27: =VALUE('Survey B'!AK$3) -> 4 | C27: =VALUE('Survey B'!AO$3) -> 2 | D27: =VALUE('Survey B'!AB$3) -> 2 | E27: =VALUE('Survey B'!AE$3) -> 2 | F27: =VALUE('Survey B'!Y$3) -> 2 | H27: =VALUE('Survey B'!AL$3) -> 5 | I27: =VALUE('Survey B'!AP$3) -> 1 | J27: =VALUE('Survey B'!AC$3) -> 4 | K27: =VALUE('Survey B'!AF$3) -> 3 | L27: =VALUE('Survey B'!Z$3) -> 1 | N27: 6 | O27: This is example 1. The piece starts in the key of Gb / F# major until 0:20. The target key is set to G major after 0:20 until the duration of the piece. The modulation window is set between 0:20-0:30 (plus or minus a few seconds).
A28: C | B28: =VALUE('Survey B'!AK$4) -> 4 | C28: =VALUE('Survey B'!AO$4) -> 1 | D28: =VALUE('Survey B'!AB$4) -> 4 | E28: =VALUE('Survey B'!AE$4) -> 2 | F28: =VALUE('Survey B'!Y$4) -> 2 | H28: =VALUE('Survey B'!AL$4) -> 2 | I28: =VALUE('Survey B'!AP$4) -> 2 | J28: =VALUE('Survey B'!AC$4) -> 5 | K28: =VALUE('Survey B'!AF$4) -> 1 | L28: =VALUE('Survey B'!Z$4) -> 4
A29: C | B29: =VALUE('Survey B'!AK$5) -> 1 | C29: =VALUE('Survey B'!AO$5) -> 1 | D29: =VALUE('Survey B'!AB$5) -> 1 | E29: =VALUE('Survey B'!AE$5) -> 3 | F29: =VALUE('Survey B'!Y$5) -> 1 | H29: =VALUE('Survey B'!AL$5) -> 5 | I29: =VALUE('Survey B'!AP$5) -> 1 | J29: =VALUE('Survey B'!AC$5) -> 5 | K29: =VALUE('Survey B'!AF$5) -> 3 | L29: =VALUE('Survey B'!Z$5) -> 1
A30: C | B30: =VALUE('Survey B'!AK$6) -> 4 | C30: =VALUE('Survey B'!AO$6) -> 1 | D30: =VALUE('Survey B'!AB$6) -> 3 | E30: =VALUE('Survey B'!AE$6) -> 2 | F30: =VALUE('Survey B'!Y$6) -> 3 | H30: =VALUE('Survey B'!AL$6) -> 4 | I30: =VALUE('Survey B'!AP$6) -> 1 | J30: =VALUE('Survey B'!AC$6) -> 3 | K30: =VALUE('Survey B'!AF$6) -> 3 | L30: =VALUE('Survey B'!Z$6) -> 3
A31: C | B31: =VALUE('Survey B'!AK$7) -> 2 | C31: =VALUE('Survey B'!AO$7) -> 2 | D31: =VALUE('Survey B'!AB$7) -> 2 | E31: =VALUE('Survey B'!AE$7) -> 2 | F31: =VALUE('Survey B'!Y$7) -> 1 | H31: =VALUE('Survey B'!AL$7) -> 1 | I31: =VALUE('Survey B'!AP$7) -> 1 | J31: =VALUE('Survey B'!AC$7) -> 3 | K31: =VALUE('Survey B'!AF$7) -> 1 | L31: =VALUE('Survey B'!Z$7) -> 1
A32: D | B32: =VALUE('Survey D'!F$3) -> 4 | C32: =VALUE('Survey D'!V$3) -> 3 | D32: =VALUE('Survey D'!I$3) -> 4 | E32: =VALUE('Survey D'!L$3) -> 2 | F32: =VALUE('Survey D'!R$3) -> 1 | H32: =VALUE('Survey D'!G$3) -> 4 | I32: =VALUE('Survey D'!W$3) -> 3 | J32: =VALUE('Survey D'!J$3) -> 4 | K32: =VALUE('Survey D'!M$3) -> 2 | L32: =VALUE('Survey D'!S$3) -> 1 | N32: 7 | O32: This is example 1. The piece starts in the key of G major until 0:20. The target key is set to Ab major after 0:20 until the duration of the piece. The modulation window is set between 0:20-0:30 (plus or minus a few seconds).
A33: D | B33: =VALUE('Survey D'!F$4) -> 5 | C33: =VALUE('Survey D'!V$4) -> 4 | D33: =VALUE('Survey D'!I$4) -> 5 | E33: =VALUE('Survey D'!L$4) -> 5 | F33: =VALUE('Survey D'!R$4) -> 4 | H33: =VALUE('Survey D'!G$4) -> 5 | I33: =VALUE('Survey D'!W$4) -> 3 | J33: =VALUE('Survey D'!J$4) -> 3 | K33: =VALUE('Survey D'!M$4) -> 5 | L33: =VALUE('Survey D'!S$4) -> 3
A34: D | B34: =VALUE('Survey D'!F$5) -> 5 | C34: =VALUE('Survey D'!V$5) -> 2 | D34: =VALUE('Survey D'!I$5) -> 3 | E34: =VALUE('Survey D'!L$5) -> 5 | F34: =VALUE('Survey D'!R$5) -> 2 | H34: =VALUE('Survey D'!G$5) -> 5 | I34: =VALUE('Survey D'!W$5) -> 1 | J34: =VALUE('Survey D'!J$5) -> 2 | K34: =VALUE('Survey D'!M$5) -> 5 | L34: =VALUE('Survey D'!S$5) -> 1
A35: D | B35: =VALUE('Survey D'!F$6) -> 4 | C35: =VALUE('Survey D'!V$6) -> 4 | D35: =VALUE('Survey D'!I$6) -> 2 | E35: =VALUE('Survey D'!L$6) -> 4 | F35: =VALUE('Survey D'!R$6) -> 2 | H35: =VALUE('Survey D'!G$6) -> 4 | I35: =VALUE('Survey D'!W$6) -> 4 | J35: =VALUE('Survey D'!J$6) -> 2 | K35: =VALUE('Survey D'!M$6) -> 5 | L35: =VALUE('Survey D'!S$6) -> 2
A36: D | B36: =VALUE('Survey D'!AK$3) -> 5 | C36: =VALUE('Survey D'!AO$3) -> 4 | D36: =VALUE('Survey D'!AB$3) -> 4 | E36: =VALUE('Survey D'!AE$3) -> 3 | F36: =VALUE('Survey D'!Y$3) -> 2 | H36: =VALUE('Survey D'!AL$3) -> 5 | I36: =VALUE('Survey D'!AP$3) -> 4 | J36: =VALUE('Survey D'!AC$3) -> 2 | K36: =VALUE('Survey D'!AF$3) -> 3 | L36: =VALUE('Survey D'!Z$3) -> 2 | N36: 8 | O36: This is example 1. The piece starts in the key of C major until 0:20. The target key is set to D major after 0:20 until the duration of the piece. The modulation window is set between 0:20-0:30 (plus or minus a few seconds).
A37: D | B37: =VALUE('Survey D'!AK$4) -> 4 | C37: =VALUE('Survey D'!AO$4) -> 3 | D37: =VALUE('Survey D'!AB$4) -> 4 | E37: =VALUE('Survey D'!AE$4) -> 5 | F37: =VALUE('Survey D'!Y$4) -> 5 | H37: =VALUE('Survey D'!AL$4) -> 5 | I37: =VALUE('Survey D'!AP$4) -> 4 | J37: =VALUE('Survey D'!AC$4) -> 3 | K37: =VALUE('Survey D'!AF$4) -> 5 | L37: =VALUE('Survey D'!Z$4) -> 4
A38: D | B38: =VALUE('Survey D'!AK$5) -> 5 | C38: =VALUE('Survey D'!AO$5) -> 4 | D38: =VALUE('Survey D'!AB$5) -> 3 | E38: =VALUE('Survey D'!AE$5) -> 5 | F38: =VALUE('Survey D'!Y$5) -> 5 | H38: =VALUE('Survey D'!AL$5) -> 5 | I38: =VALUE('Survey D'!AP$5) -> 2 | J38: =VALUE('Survey D'!AC$5) -> 3 | K38: =VALUE('Survey D'!AF$5) -> 3 | L38: =VALUE('Survey D'!Z$5) -> 4
A39: D | B39: =VALUE('Survey D'!AK$6) -> 4 | C39: =VALUE('Survey D'!AO$6) -> 5 | D39: =VALUE('Survey D'!AB$6) -> 3 | E39: =VALUE('Survey D'!AE$6) -> 4 | F39: =VALUE('Survey D'!Y$6) -> 4 | H39: =VALUE('Survey D'!AL$6) -> 4 | I39: =VALUE('Survey D'!AP$6) -> 4 | J39: =VALUE('Survey D'!AC$6) -> 3 | K39: =VALUE('Survey D'!AF$6) -> 4 | L39: =VALUE('Survey D'!Z$6) -> 5
A40: E | B40: =VALUE('Survey E'!F3) -> 3 | C40: =VALUE('Survey E'!V$3) -> 4 | D40: =VALUE('Survey E'!I$3) -> 4 | E40: =VALUE('Survey E'!L$3) -> 4 | F40: =VALUE('Survey E'!R$3) -> 3 | H40: =VALUE('Survey E'!L3) -> 4 | I40: =VALUE('Survey E'!W$3) -> 4 | J40: =VALUE('Survey E'!J$3) -> 3 | K40: =VALUE('Survey E'!M$3) -> 4 | L40: =VALUE('Survey E'!S$3) -> 3 | N40: 9 | O40: This is example 1. The piece starts in the key of Db major until 0:20. The target key is set to D major after 0:20 until the duration of the piece. The modulation window is set between 0:20-0:30 (plus or minus a few seconds).
A41: E | B41: =VALUE('Survey E'!F4) -> 2 | C41: =VALUE('Survey E'!V$4) -> 4 | D41: =VALUE('Survey E'!I$4) -> 3 | E41: =VALUE('Survey E'!L$4) -> 5 | F41: =VALUE('Survey E'!R$4) -> 5 | H41: =VALUE('Survey E'!L4) -> 5 | I41: =VALUE('Survey E'!W$4) -> 4 | J41: =VALUE('Survey E'!J$4) -> 4 | K41: =VALUE('Survey E'!M$4) -> 5 | L41: =VALUE('Survey E'!S$4) -> 5
A42: E | B42: =VALUE('Survey E'!F5) -> 4 | C42: =VALUE('Survey E'!V$5) -> 4 | D42: =VALUE('Survey E'!I$5) -> 2 | E42: =VALUE('Survey E'!L$5) -> 1 | F42: =VALUE('Survey E'!R$5) -> 3 | H42: =VALUE('Survey E'!L5) -> 1 | I42: =VALUE('Survey E'!W$5) -> 3 | J42: =VALUE('Survey E'!J$5) -> 1 | K42: =VALUE('Survey E'!M$5) -> 1 | L42: =VALUE('Survey E'!S$5) -> 2
A43: E | B43: =VALUE('Survey E'!F6) -> 2 | C43: =VALUE('Survey E'!V$6) -> 1 | D43: =VALUE('Survey E'!I$6) -> 3 | E43: =VALUE('Survey E'!L$6) -> 3 | F43: =VALUE('Survey E'!R$6) -> 4 | H43: =VALUE('Survey E'!L6) -> 3 | I43: =VALUE('Survey E'!W$6) -> 1 | J43: =VALUE('Survey E'!J$6) -> 3 | K43: =VALUE('Survey E'!M$6) -> 3 | L43: =VALUE('Survey E'!S$6) -> 4
A44: E | B44: =VALUE('Survey E'!AK$3) -> 2 | C44: =VALUE('Survey E'!AO$3) -> 4 | D44: =VALUE('Survey E'!AB$3) -> 4 | E44: =VALUE('Survey E'!AE$3) -> 3 | F44: =VALUE('Survey E'!Y$3) -> 3 | H44: =VALUE('Survey E'!AL$3) -> 2 | I44: =VALUE('Survey E'!AP$3) -> 3 | J44: =VALUE('Survey E'!AC$3) -> 4 | K44: =VALUE('Survey E'!AF$3) -> 3 | L44: =VALUE('Survey E'!Z$3) -> 4 | N44: 10 | O44: This is example 1. The piece starts in the key of B major until 0:20. The target key is set to C major after 0:20 until the duration of the piece. The modulation window is set between 0:20-0:30 (plus or minus a few seconds).
A45: E | B45: =VALUE('Survey E'!AK$4) -> 3 | C45: =VALUE('Survey E'!AO$4) -> 3 | D45: =VALUE('Survey E'!AB$4) -> 2 | E45: =VALUE('Survey E'!AE$4) -> 5 | F45: =VALUE('Survey E'!Y$4) -> 2 | H45: =VALUE('Survey E'!AL$4) -> 3 | I45: =VALUE('Survey E'!AP$4) -> 3 | J45: =VALUE('Survey E'!AC$4) -> 3 | K45: =VALUE('Survey E'!AF$4) -> 5 | L45: =VALUE('Survey E'!Z$4) -> 2
A46: E | B46: =VALUE('Survey E'!AK$5) -> 4 | C46: =VALUE('Survey E'!AO$5) -> 3 | D46: =VALUE('Survey E'!AB$5) -> 5 | E46: =VALUE('Survey E'!AE$5) -> 2 | F46: =VALUE('Survey E'!Y$5) -> 4 | H46: =VALUE('Survey E'!AL$5) -> 4 | I46: =VALUE('Survey E'!AP$5) -> 2 | J46: =VALUE('Survey E'!AC$5) -> 5 | K46: =VALUE('Survey E'!AF$5) -> 1 | L46: =VALUE('Survey E'!Z$5) -> 3
A47: E | B47: =VALUE('Survey E'!AK$6) -> 4 | C47: =VALUE('Survey E'!AO$6) -> 4 | D47: =VALUE('Survey E'!AB$6) -> 3 | E47: =VALUE('Survey E'!AE$6) -> 3 | F47: =VALUE('Survey E'!Y$6) -> 2 | H47: =VALUE('Survey E'!AL$6) -> 3 | I47: =VALUE('Survey E'!AP$6) -> 4 | J47: =VALUE('Survey E'!AC$6) -> 3 | K47: =VALUE('Survey E'!AF$6) -> 3 | L47: =VALUE('Survey E'!Z$6) -> 2
B49: =AVERAGE(B2:B47) -> 3.3043478 | C49: =AVERAGE(C2:C47) -> 2.7173913 | D49: =AVERAGE(D2:D47) -> 3.173913 | E49: =AVERAGE(E2:E47) -> 3 | F49: =AVERAGE(F2:F47) -> 2.826087 | H49: =AVERAGE(H2:H47) -> 3.3913043 | I49: =AVERAGE(I2:I47) -> 2.4565217 | J49: =AVERAGE(J2:J47) -> 3.4347826 | K49: =AVERAGE(K2:K47) -> 2.9130435 | L49: =AVERAGE(L2:L47) -> 2.9130435
A50: p-val | C50: 0.0172 | D50: 0.5735 | E50: 0.2412 | F50: 0.0637 | I50: 0.001 | J50: 0.8638 | K50: 0.105 | L50: 0.1012
